precinct_name,precinct_center_lat,precinct_center_lon,winner,winner_net,winner_pct,Dugan_total,Zappala_total,Write-in_total,precinct_total,Dugan_pct,Zappala_pct,Write-in_pct
Aleppo,40.53345,-80.14515,,0,0,0,0,0,0,0,0,0
Aspinwall Dist 1,40.490700000000004,-79.90535,,0,0,0,0,0,0,0,0,0
Aspinwall Dist 2,40.49705,-79.90495000000001,,0,0,0,0,0,0,0,0,0
Aspinwall Dist 3,40.490700000000004,-79.90020000000001,,0,0,0,0,0,0,0,0,0
Avalon Ward 1,40.50085,-80.07075,,0,0,0,0,0,0,0,0,0
Avalon Ward 2 Dist 1,40.496050000000004,-80.06710000000001,,0,0,0,0,0,0,0,0,0
Avalon Ward 2 Dist 2,40.49680000000001,-80.06305,,0,0,0,0,0,0,0,0,0
Avalon Ward 3 Dist 1,40.50605,-80.06935000000001,,0,0,0,0,0,0,0,0,0
Avalon Ward 3 Dist 2,40.5034,-80.06465,,0,0,0,0,0,0,0,0,0
Avalon Ward 3 Dist 3,40.49995,-80.06335000000001,,0,0,0,0,0,0,0,0,0
Baldwin Br Dist 1,40.40185,-79.95840000000001,,0,0,0,0,0,0,0,0,0
Baldwin Br Dist 2,40.39465,-79.9672,,0,0,0,0,0,0,0,0,0
Baldwin Br Dist 3,40.386900000000004,-79.96745000000001,,0,0,0,0,0,0,0,0,0
Baldwin Br Dist 4,40.381350000000005,-79.96105,,0,0,0,0,0,0,0,0,0
Baldwin Br Dist 5,40.34870000000001,-79.96835000000002,,0,0,0,0,0,0,0,0,0
Baldwin Br Dist 6,40.3386,-79.99210000000001,,0,0,0,0,0,0,0,0,0
Baldwin Br Dist 7,40.34055,-79.99010000000001,,0,0,0,0,0,0,0,0,0
Baldwin Br Dist 8,40.34685,-80.00645,,0,0,0,0,0,0,0,0,0
Baldwin Br Dist 9,40.36365000000001,-79.95845,,0,0,0,0,0,0,0,0,0
Baldwin Br Dist 10,40.33995,-79.97975000000001,,0,0,0,0,0,0,0,0,0
Baldwin Br Dist 11,40.340900000000005,-79.97375,,0,0,0,0,0,0,0,0,0
Baldwin Br Dist 12,40.39065,-79.96945000000001,,0,0,0,0,0,0,0,0,0
Baldwin Br Dist 13,40.379200000000004,-79.9487,,0,0,0,0,0,0,0,0,0
Baldwin Br Dist 14,40.34285,-79.9998,,0,0,0,0,0,0,0,0,0
Baldwin Br Dist 15,40.37295,-79.95400000000001,,0,0,0,0,0,0,0,0,0
Baldwin Br Dist 16,40.38550000000001,-79.94955,,0,0,0,0,0,0,0,0,0
Baldwin Br Dist 17,40.347500000000004,-79.995,,0,0,0,0,0,0,0,0,0
Baldwin Br Dist 18,40.35745,-79.96360000000001,,0,0,0,0,0,0,0,0,0
Baldwin Tp Dist 1,40.37665,-80.01570000000001,,0,0,0,0,0,0,0,0,0
Baldwin Tp Dist 2,40.3815,-80.0124,,0,0,0,0,0,0,0,0,0
Bell Acres,40.587,-80.17090000000002,,0,0,0,0,0,0,0,0,0
Bellevue Ward 1 Dist 1,40.48780000000001,-80.0515,,0,0,0,0,0,0,0,0,0
Bellevue Ward 1 Dist 2,40.4923,-80.04865000000001,,0,0,0,0,0,0,0,0,0
Bellevue Ward 2 Dist 1,40.4901,-80.05715000000001,,0,0,0,0,0,0,0,0,0
Bellevue Ward 2 Dist 2,40.495200000000004,-80.06085000000002,,0,0,0,0,0,0,0,0,0
Bellevue Ward 3 Dist 1,40.498850000000004,-80.05260000000001,,0,0,0,0,0,0,0,0,0
Bellevue Ward 3 Dist 2,40.50385,-80.05595000000001,,0,0,0,0,0,0,0,0,0
Ben Avon Dist 1,40.506750000000004,-80.0854,,0,0,0,0,0,0,0,0,0
Ben Avon Dist 2,40.505300000000005,-80.08025,,0,0,0,0,0,0,0,0,0
Ben Avon Ht,40.512100000000004,-80.07375,,0,0,0,0,0,0,0,0,0
Bethel Park Ward 1 Dist 1,40.32095,-80.0231,,0,0,0,0,0,0,0,0,0
Bethel Park Ward 1 Dist 2,40.322,-80.03995,,0,0,0,0,0,0,0,0,0
Bethel Park Ward 1 Dist 3,40.32455,-80.03335000000001,,0,0,0,0,0,0,0,0,0
Bethel Park Ward 2 Dist 1,40.30035,-80.03720000000001,,0,0,0,0,0,0,0,0,0
Bethel Park Ward 2 Dist 2,40.306650000000005,-80.02465000000001,,0,0,0,0,0,0,0,0,0
Bethel Park Ward 2 Dist 3,40.299350000000004,-80.02905000000001,,0,0,0,0,0,0,0,0,0
Bethel Park Ward 3 Dist 1,40.3106,-80.05860000000001,,0,0,0,0,0,0,0,0,0
Bethel Park Ward 3 Dist 2,40.31025,-80.06320000000001,,0,0,0,0,0,0,0,0,0
Bethel Park Ward 3 Dist 3,40.3035,-80.04860000000001,,0,0,0,0,0,0,0,0,0
Bethel Park Ward 4 Dist 1,40.3425,-80.00795000000001,,0,0,0,0,0,0,0,0,0
Bethel Park Ward 4 Dist 2,40.3411,-80.02175,,0,0,0,0,0,0,0,0,0
Bethel Park Ward 4 Dist 3,40.325250000000004,-80.01625000000001,,0,0,0,0,0,0,0,0,0
Bethel Park Ward 5 Dist 1,40.351350000000004,-80.02000000000001,,0,0,0,0,0,0,0,0,0
Bethel Park Ward 5 Dist 2,40.350300000000004,-80.0297,,0,0,0,0,0,0,0,0,0
Bethel Park Ward 5 Dist 3,40.3492,-80.04260000000001,,0,0,0,0,0,0,0,0,0
Bethel Park Ward 6 Dist 1,40.313700000000004,-80.03040000000001,,0,0,0,0,0,0,0,0,0
Bethel Park Ward 6 Dist 2,40.313550000000006,-80.04480000000001,,0,0,0,0,0,0,0,0,0
Bethel Park Ward 6 Dist 3,40.30885000000001,-80.04140000000001,,0,0,0,0,0,0,0,0,0
Bethel Park Ward 7 Dist 1,40.3219,-80.05645000000001,,0,0,0,0,0,0,0,0,0
Bethel Park Ward 7 Dist 2,40.33785,-80.0523,,0,0,0,0,0,0,0,0,0
Bethel Park Ward 7 Dist 3,40.327000000000005,-80.0497,,0,0,0,0,0,0,0,0,0
Bethel Park Ward 8 Dist 1,40.34445,-80.0386,,0,0,0,0,0,0,0,0,0
Bethel Park Ward 8 Dist 2,40.34495,-80.0472,,0,0,0,0,0,0,0,0,0
Bethel Park Ward 8 Dist 3,40.3369,-80.03390000000002,,0,0,0,0,0,0,0,0,0
Bethel Park Ward 8 Dist 4,40.33635,-80.04485,,0,0,0,0,0,0,0,0,0
Bethel Park Ward 9 Dist 1,40.3083,-80.06300000000002,,0,0,0,0,0,0,0,0,0
Bethel Park Ward 9 Dist 2,40.2937,-80.04215,,0,0,0,0,0,0,0,0,0
Bethel Park Ward 9 Dist 3,40.3006,-80.05965,,0,0,0,0,0,0,0,0,0
Blawnox,40.49165000000001,-79.8585,,0,0,0,0,0,0,0,0,0
Brackenridge Ward 1,40.60465000000001,-79.7398,,0,0,0,0,0,0,0,0,0
Brackenridge Ward 2,40.61125,-79.73940000000002,,0,0,0,0,0,0,0,0,0
Brackenridge Ward 3,40.609350000000006,-79.74585,,0,0,0,0,0,0,0,0,0
Braddock Ward 1,40.4076,-79.86915,,0,0,0,0,0,0,0,0,0
Braddock Ward 2,40.40495,-79.87280000000001,,0,0,0,0,0,0,0,0,0
Braddock Ward 3,40.398300000000006,-79.86705,,0,0,0,0,0,0,0,0,0
Braddock Hl Dist 1,40.4157,-79.8593,,0,0,0,0,0,0,0,0,0
Braddock Hl Dist 2,40.425000000000004,-79.8699,,0,0,0,0,0,0,0,0,0
Bradford Woods,40.63765,-80.08295000000001,,0,0,0,0,0,0,0,0,0
Brentwood Dist 1,40.3676,-79.977,,0,0,0,0,0,0,0,0,0
Brentwood Dist 2,40.37765,-79.97855000000001,,0,0,0,0,0,0,0,0,0
Brentwood Dist 3,40.376450000000006,-79.9708,,0,0,0,0,0,0,0,0,0
Brentwood Dist 4,40.3781,-79.96775,,0,0,0,0,0,0,0,0,0
Brentwood Dist 5,40.383,-79.9741,,0,0,0,0,0,0,0,0,0
Brentwood Dist 6,40.37765,-79.98245,,0,0,0,0,0,0,0,0,0
Brentwood Dist 7,40.373200000000004,-79.98070000000001,,0,0,0,0,0,0,0,0,0
Brentwood Dist 8,40.36715,-79.98225,,0,0,0,0,0,0,0,0,0
Brentwood Dist 9,40.36495,-79.97935000000001,,0,0,0,0,0,0,0,0,0
Brentwood Dist 10,40.37285,-79.96900000000001,,0,0,0,0,0,0,0,0,0
Bridgeville Dist 1,40.3613,-80.11525,,0,0,0,0,0,0,0,0,0
Bridgeville Dist 2,40.36,-80.10345000000001,,0,0,0,0,0,0,0,0,0
Bridgeville Dist 3,40.35470000000001,-80.09715,,0,0,0,0,0,0,0,0,0
Bridgeville Dist 4,40.35365,-80.10845,,0,0,0,0,0,0,0,0,0
Carnegie Ward 1 Dist 1,40.404300000000006,-80.09615000000001,,0,0,0,0,0,0,0,0,0
Carnegie Ward 1 Dist 2,40.41120000000001,-80.09425000000002,,0,0,0,0,0,0,0,0,0
Carnegie Ward 1 Dist 3,40.4147,-80.0879,,0,0,0,0,0,0,0,0,0
Carnegie Ward 1 Dist 4,40.40485,-80.09280000000001,,0,0,0,0,0,0,0,0,0
Carnegie Ward 2 Dist 1,40.408950000000004,-80.082,,0,0,0,0,0,0,0,0,0
Carnegie Ward 2 Dist 2,40.405150000000006,-80.08085,,0,0,0,0,0,0,0,0,0
Carnegie Ward 2 Dist 3,40.403850000000006,-80.07375,,0,0,0,0,0,0,0,0,0
Carnegie Ward 2 Dist 4,40.40205,-80.08255,,0,0,0,0,0,0,0,0,0
Casl Shannon Dist 1,40.364900000000006,-80.0306,,0,0,0,0,0,0,0,0,0
Casl Shannon Dist 2,40.37050000000001,-80.02115,,0,0,0,0,0,0,0,0,0
Casl Shannon Dist 3,40.3686,-80.00760000000001,,0,0,0,0,0,0,0,0,0
Casl Shannon Dist 4,40.3579,-80.03265000000002,,0,0,0,0,0,0,0,0,0
Casl Shannon Dist 5,40.3634,-80.02365,,0,0,0,0,0,0,0,0,0
Casl Shannon Dist 6,40.35995,-80.023,,0,0,0,0,0,0,0,0,0
Casl Shannon Dist 7,40.37315,-80.01180000000001,,0,0,0,0,0,0,0,0,0
Casl Shannon Dist 8,40.36345,-80.0109,,0,0,0,0,0,0,0,0,0
Chalfant Dist 1,40.410450000000004,-79.83855,,0,0,0,0,0,0,0,0,0
Cheswick Dist 1,40.540800000000004,-79.80115,,0,0,0,0,0,0,0,0,0
Cheswick Dist 2,40.5458,-79.8014,,0,0,0,0,0,0,0,0,0
Churchill Dist 1,40.44330000000001,-79.83975000000001,,0,0,0,0,0,0,0,0,0
Churchill Dist 2,40.43945000000001,-79.85115000000002,,0,0,0,0,0,0,0,0,0
Churchill Dist 3,40.4313,-79.8432,,0,0,0,0,0,0,0,0,0
Churchill Dist 4,40.43415,-79.83460000000001,,0,0,0,0,0,0,0,0,0
Clairton Ward 1 Dist 1,40.313550000000006,-79.894,,0,0,0,0,0,0,0,0,0
Clairton Ward 1 Dist 2,40.30800000000001,-79.89155000000001,,0,0,0,0,0,0,0,0,0
Clairton Ward 1 Dist 3,40.3055,-79.88900000000001,,0,0,0,0,0,0,0,0,0
Clairton Ward 2 Dist 1,40.3022,-79.87805,,0,0,0,0,0,0,0,0,0
Clairton Ward 2 Dist 2,40.292950000000005,-79.87575000000001,,0,0,0,0,0,0,0,0,0
Clairton Ward 2 Dist 3,40.28795,-79.87650000000001,,0,0,0,0,0,0,0,0,0
Clairton Ward 3 Dist 1,40.289500000000004,-79.88980000000001,,0,0,0,0,0,0,0,0,0
Clairton Ward 3 Dist 2,40.2859,-79.88595000000001,,0,0,0,0,0,0,0,0,0
Clairton Ward 3 Dist 3,40.28625,-79.89410000000001,,0,0,0,0,0,0,0,0,0
Clairton Ward 4 Dist 1,40.29505,-79.88645,,0,0,0,0,0,0,0,0,0
Clairton Ward 4 Dist 2,40.2944,-79.88815,,0,0,0,0,0,0,0,0,0
Clairton Ward 4 Dist 3,40.29235,-79.89435,,0,0,0,0,0,0,0,0,0
Collier Dist 1,40.39035,-80.14525,,0,0,0,0,0,0,0,0,0
Collier Dist 2,40.4136,-80.14745,,0,0,0,0,0,0,0,0,0
Collier Dist 3,40.4156,-80.12565000000001,,0,0,0,0,0,0,0,0,0
Collier Dist 4,40.37825000000001,-80.10555,,0,0,0,0,0,0,0,0,0
Collier Dist 5,40.3801,-80.11965000000001,,0,0,0,0,0,0,0,0,0
Collier Dist 6,40.40135,-80.1147,,0,0,0,0,0,0,0,0,0
Coraopolis Ward 1 Dist 1,40.522000000000006,-80.16945000000001,,0,0,0,0,0,0,0,0,0
Coraopolis Ward 1 Dist 2,40.5174,-80.17315,,0,0,0,0,0,0,0,0,0
Coraopolis Ward 2,40.51885,-80.15995000000001,,0,0,0,0,0,0,0,0,0
Coraopolis Ward 3 Dist 1,40.51375,-80.1695,,0,0,0,0,0,0,0,0,0
Coraopolis Ward 3 Dist 2,40.5115,-80.16355000000001,,0,0,0,0,0,0,0,0,0
Coraopolis Ward 4 Dist 1,40.51335,-80.1541,,0,0,0,0,0,0,0,0,0
Coraopolis Ward 4 Dist 2,40.50815,-80.15395000000001,,0,0,0,0,0,0,0,0,0
Crafton Ward 1 Dist 1,40.43345000000001,-80.0643,,0,0,0,0,0,0,0,0,0
Crafton Ward 1 Dist 2,40.434250000000006,-80.0614,,0,0,0,0,0,0,0,0,0
Crafton Ward 2 Dist 1,40.43885,-80.06375,,0,0,0,0,0,0,0,0,0
Crafton Ward 2 Dist 2,40.438700000000004,-80.0733,,0,0,0,0,0,0,0,0,0
Crafton Ward 3 Dist 1,40.434400000000004,-80.07415,,0,0,0,0,0,0,0,0,0
Crafton Ward 3 Dist 2,40.42790000000001,-80.07885000000002,,0,0,0,0,0,0,0,0,0
Crescent Ward 1,40.554500000000004,-80.22425000000001,,0,0,0,0,0,0,0,0,0
Crescent Ward 2,40.561550000000004,-80.23705000000001,,0,0,0,0,0,0,0,0,0
Dormont Dist 1,40.40090000000001,-80.0358,,0,0,0,0,0,0,0,0,0
Dormont Dist 2,40.3857,-80.03800000000001,,0,0,0,0,0,0,0,0,0
Dormont Dist 3,40.3935,-80.03205,,0,0,0,0,0,0,0,0,0
Dormont Dist 4,40.39855,-80.03915,,0,0,0,0,0,0,0,0,0
Dormont Dist 5,40.3965,-80.03465,,0,0,0,0,0,0,0,0,0
Dormont Dist 6,40.39125,-80.03465,,0,0,0,0,0,0,0,0,0
Dormont Dist 7,40.389500000000005,-80.03730000000002,,0,0,0,0,0,0,0,0,0
Dormont Dist 8,40.388250000000006,-80.04015000000001,,0,0,0,0,0,0,0,0,0
Dormont Dist 9,40.3918,-80.0412,,0,0,0,0,0,0,0,0,0
Dormont Dist 10,40.39535,-80.04260000000001,,0,0,0,0,0,0,0,0,0
Dravosburg Dist 1,40.35145,-79.886,,0,0,0,0,0,0,0,0,0
Dravosburg Dist 2,40.3549,-79.89325000000001,,0,0,0,0,0,0,0,0,0
Dravosburg Dist 3,40.347300000000004,-79.89590000000001,,0,0,0,0,0,0,0,0,0
Duquesne Ward 1 Dist 1,40.38275,-79.85575,,0,0,0,0,0,0,0,0,0
Duquesne Ward 1 Dist 2,40.378350000000005,-79.85895000000001,,0,0,0,0,0,0,0,0,0
Duquesne Ward 1 Dist 3,40.376250000000006,-79.8456,,0,0,0,0,0,0,0,0,0
Duquesne Ward 1 Dist 4,40.373000000000005,-79.8546,,0,0,0,0,0,0,0,0,0
Duquesne Ward 2 Dist 1,40.371750000000006,-79.8435,,0,0,0,0,0,0,0,0,0
Duquesne Ward 2 Dist 2,40.36965000000001,-79.85175000000001,,0,0,0,0,0,0,0,0,0
Duquesne Ward 2 Dist 3,40.36845,-79.85605000000001,,0,0,0,0,0,0,0,0,0
Duquesne Ward 3 Dist 1,40.3635,-79.8435,,0,0,0,0,0,0,0,0,0
Duquesne Ward 3 Dist 2,40.3668,-79.8467,,0,0,0,0,0,0,0,0,0
Duquesne Ward 3 Dist 3,40.36415,-79.85230000000001,,0,0,0,0,0,0,0,0,0
East Deer Ward 1,40.593500000000006,-79.77690000000001,,0,0,0,0,0,0,0,0,0
East Deer Ward 2,40.5765,-79.7842,,0,0,0,0,0,0,0,0,0
E McKeesport Dist 1,40.38695,-79.8049,,0,0,0,0,0,0,0,0,0
E McKeesport Dist 2,40.38405,-79.81035,,0,0,0,0,0,0,0,0,0
E McKeesport Dist 3,40.380100000000006,-79.81085000000002,,0,0,0,0,0,0,0,0,0
E Pittsburgh Ward 1,40.3941,-79.84025,,0,0,0,0,0,0,0,0,0
E Pittsburgh Ward 2,40.3969,-79.84140000000001,,0,0,0,0,0,0,0,0,0
E Pittsburgh Ward 3,40.400400000000005,-79.8357,,0,0,0,0,0,0,0,0,0
Edgewood Dist 1,40.429050000000004,-79.88305,,0,0,0,0,0,0,0,0,0
Edgewood Dist 2,40.43315,-79.88140000000001,,0,0,0,0,0,0,0,0,0
Edgewood Dist 3,40.43145,-79.88985000000001,,0,0,0,0,0,0,0,0,0
Edgeworth Dist 1,40.54860000000001,-80.19045000000001,,0,0,0,0,0,0,0,0,0
Edgeworth Dist 2,40.55785,-80.1954,,0,0,0,0,0,0,0,0,0
Elizabeth Br,40.2715,-79.88765000000001,,0,0,0,0,0,0,0,0,0
Elizabeth Tp Ward 1 Dist 1,40.2637,-79.8439,,0,0,0,0,0,0,0,0,0
Elizabeth Tp Ward 1 Dist 2,40.23555,-79.83850000000001,,0,0,0,0,0,0,0,0,0
Elizabeth Tp Ward 2,40.2993,-79.80025,,0,0,0,0,0,0,0,0,0
Elizabeth Tp Ward 3,40.2638,-79.8109,,0,0,0,0,0,0,0,0,0
Elizabeth Tp Ward 4 Dist 1,40.29310000000001,-79.82345000000001,,0,0,0,0,0,0,0,0,0
Elizabeth Tp Ward 4 Dist 2,40.2881,-79.80825000000002,,0,0,0,0,0,0,0,0,0
Elizabeth Tp Ward 5 Dist 1,40.307249999999996,-79.82795,,0,0,0,0,0,0,0,0,0
Elizabeth Tp Ward 5 Dist 2,40.314400000000006,-79.80445,,0,0,0,0,0,0,0,0,0
Elizabeth Tp Ward 6 Dist 1,40.2808,-79.83775,,0,0,0,0,0,0,0,0,0
Elizabeth Tp Ward 6 Dist 2,40.24720000000001,-79.81035,,0,0,0,0,0,0,0,0,0
Elizabeth Tp Ward 7,40.26095,-79.86125000000001,,0,0,0,0,0,0,0,0,0
Emsworth Dist 1,40.511700000000005,-80.10285000000002,,0,0,0,0,0,0,0,0,0
Emsworth Dist 2,40.51015000000001,-80.0925,,0,0,0,0,0,0,0,0,0
Etna Ward 1,40.495900000000006,-79.95020000000001,,0,0,0,0,0,0,0,0,0
Etna Ward 2,40.49815,-79.94575,,0,0,0,0,0,0,0,0,0
Etna Ward 3,40.5047,-79.95240000000001,,0,0,0,0,0,0,0,0,0
Fawn Dist 1,40.653000000000006,-79.78810000000001,,0,0,0,0,0,0,0,0,0
Fawn Dist 2,40.6411,-79.7492,,0,0,0,0,0,0,0,0,0
Findlay Dist 1,40.493900000000004,-80.2928,,0,0,0,0,0,0,0,0,0
Findlay Dist 2,40.456,-80.26770000000002,,0,0,0,0,0,0,0,0,0
Findlay Dist 3,40.462500000000006,-80.20655000000001,,0,0,0,0,0,0,0,0,0
Forest Hills Dist 1,40.4286,-79.86770000000001,,0,0,0,0,0,0,0,0,0
Forest Hills Dist 2,40.432100000000005,-79.86135000000002,,0,0,0,0,0,0,0,0,0
Forest Hills Dist 3,40.4284,-79.85095000000001,,0,0,0,0,0,0,0,0,0
Forest Hills Dist 4,40.414100000000005,-79.84460000000001,,0,0,0,0,0,0,0,0,0
Forest Hills Dist 5,40.426750000000006,-79.84695,,0,0,0,0,0,0,0,0,0
Forest Hills Dist 6,40.422850000000004,-79.8593,,0,0,0,0,0,0,0,0,0
Forest Hills Dist 7,40.41855,-79.84675000000001,,0,0,0,0,0,0,0,0,0
Forest Hills Dist 8,40.42805,-79.85555000000001,,0,0,0,0,0,0,0,0,0
Forward Dist 1,40.212650000000004,-79.86945,,0,0,0,0,0,0,0,0,0
Forward Dist 2,40.23395,-79.90315000000001,,0,0,0,0,0,0,0,0,0
Forward Dist 3,40.2175,-79.93280000000001,,0,0,0,0,0,0,0,0,0
Forward Dist 4,40.2539,-79.90385,,0,0,0,0,0,0,0,0,0
Fox Chapel Dist 1,40.503,-79.88995,,0,0,0,0,0,0,0,0,0
Fox Chapel Dist 2,40.537150000000004,-79.8723,,0,0,0,0,0,0,0,0,0
Fox Chapel Dist 3,40.512100000000004,-79.90145000000001,,0,0,0,0,0,0,0,0,0
Fox Chapel Dist 4,40.53575,-79.89590000000001,,0,0,0,0,0,0,0,0,0
Fox Chapel Dist 5,40.51975,-79.88845,,0,0,0,0,0,0,0,0,0
Franklin Pk Ward 1 Dist 1,40.59665,-80.12630000000001,,0,0,0,0,0,0,0,0,0
Franklin Pk Ward 1 Dist 2,40.6048,-80.10115,,0,0,0,0,0,0,0,0,0
Franklin Pk Ward 1 Dist 3,40.602450000000005,-80.08205000000001,,0,0,0,0,0,0,0,0,0
Franklin Pk Ward 2 Dist 1,40.579950000000004,-80.09995,,0,0,0,0,0,0,0,0,0
Franklin Pk Ward 2 Dist 2,40.56750000000001,-80.08995,,0,0,0,0,0,0,0,0,0
Franklin Pk Ward 2 Dist 3,40.55865,-80.07260000000001,,0,0,0,0,0,0,0,0,0
Franklin Pk Ward 3 Dist 1,40.60605,-80.08030000000001,,0,0,0,0,0,0,0,0,0
Franklin Pk Ward 3 Dist 2,40.593,-80.07860000000001,,0,0,0,0,0,0,0,0,0
Franklin Pk Ward 3 Dist 3,40.58045,-80.078,,0,0,0,0,0,0,0,0,0
Frazer,40.603,-79.79035,,0,0,0,0,0,0,0,0,0
Glassport Dist 1,40.337950000000006,-79.8887,,0,0,0,0,0,0,0,0,0
Glassport Dist 2,40.32755,-79.89375000000001,,0,0,0,0,0,0,0,0,0
Glassport Dist 3,40.32045000000001,-79.89275,,0,0,0,0,0,0,0,0,0
Glassport Dist 4,40.326100000000004,-79.88820000000001,,0,0,0,0,0,0,0,0,0
Glassport Dist 5,40.327650000000006,-79.88135,,0,0,0,0,0,0,0,0,0
Glassport Dist 6,40.318650000000005,-79.88380000000001,,0,0,0,0,0,0,0,0,0
Glenfield,40.51955,-80.13640000000001,,0,0,0,0,0,0,0,0,0
Green Tree Dist 1,40.41515,-80.05760000000001,,0,0,0,0,0,0,0,0,0
Green Tree Dist 2,40.412600000000005,-80.05765,,0,0,0,0,0,0,0,0,0
Green Tree Dist 3,40.4153,-80.0454,,0,0,0,0,0,0,0,0,0
Green Tree Dist 4,40.420100000000005,-80.05770000000001,,0,0,0,0,0,0,0,0,0
Hampton Dist 1,40.56230000000001,-79.93890000000002,,0,0,0,0,0,0,0,0,0
Hampton Dist 2,40.599900000000005,-79.934,,0,0,0,0,0,0,0,0,0
Hampton Dist 3,40.593500000000006,-79.9796,,0,0,0,0,0,0,0,0,0
Hampton Dist 4,40.56175,-79.96290000000002,,0,0,0,0,0,0,0,0,0
Hampton Dist 5,40.5587,-79.97985,,0,0,0,0,0,0,0,0,0
Hampton Dist 6,40.57815,-79.95835,,0,0,0,0,0,0,0,0,0
Hampton Dist 7,40.56975,-79.93495000000001,,0,0,0,0,0,0,0,0,0
Hampton Dist 8,40.587450000000004,-79.9347,,0,0,0,0,0,0,0,0,0
Hampton Dist 9,40.60655,-79.95320000000001,,0,0,0,0,0,0,0,0,0
Hampton Dist 10,40.58885,-79.9621,,0,0,0,0,0,0,0,0,0
Hampton Dist 11,40.608000000000004,-79.93155000000002,,0,0,0,0,0,0,0,0,0
Hampton Dist 12,40.5724,-79.96895,,0,0,0,0,0,0,0,0,0
Hampton Dist 13,40.570350000000005,-79.97785,,0,0,0,0,0,0,0,0,0
Harmar Dist 1,40.541050000000006,-79.84755000000001,,0,0,0,0,0,0,0,0,0
Harmar Dist 2,40.544650000000004,-79.81765000000001,,0,0,0,0,0,0,0,0,0
Harmar Dist 3,40.5549,-79.8192,,0,0,0,0,0,0,0,0,0
Harrison Ward 1 Dist 1,40.615300000000005,-79.73355000000001,,0,0,0,0,0,0,0,0,0
Harrison Ward 1 Dist 2,40.62205,-79.74285,,0,0,0,0,0,0,0,0,0
Harrison Ward 1 Dist 3,40.62455,-79.73535000000001,,0,0,0,0,0,0,0,0,0
Harrison Ward 2 Dist 1,40.6116,-79.73195000000001,,0,0,0,0,0,0,0,0,0
Harrison Ward 2 Dist 2,40.612300000000005,-79.72305,,0,0,0,0,0,0,0,0,0
Harrison Ward 3 Dist 1,40.6447,-79.7072,,0,0,0,0,0,0,0,0,0
Harrison Ward 3 Dist 2,40.628,-79.71175,,0,0,0,0,0,0,0,0,0
Harrison Ward 4 Dist 1,40.63345,-79.71775000000001,,0,0,0,0,0,0,0,0,0
Harrison Ward 4 Dist 2,40.64425,-79.72130000000001,,0,0,0,0,0,0,0,0,0
Harrison Ward 5 Dist 1,40.6193,-79.72265000000002,,0,0,0,0,0,0,0,0,0
Harrison Ward 5 Dist 2,40.630700000000004,-79.72665,,0,0,0,0,0,0,0,0,0
Haysville,40.52760000000001,-80.15585000000002,,0,0,0,0,0,0,0,0,0
Heidelberg,40.39105000000001,-80.0926,,0,0,0,0,0,0,0,0,0
Homestead Ward 1 Dist 1,40.4104,-79.91145,,0,0,0,0,0,0,0,0,0
Homestead Ward 1 Dist 2,40.40445,-79.90605000000001,,0,0,0,0,0,0,0,0,0
Homestead Ward 2 Dist 1,40.405550000000005,-79.91115,,0,0,0,0,0,0,0,0,0
Homestead Ward 2 Dist 2,40.401,-79.91175000000001,,0,0,0,0,0,0,0,0,0
Homestead Ward 3 Dist 1,40.401700000000005,-79.9034,,0,0,0,0,0,0,0,0,0
Homestead Ward 3 Dist 2,40.40090000000001,-79.9084,,0,0,0,0,0,0,0,0,0
Indiana Dist 1,40.57855000000001,-79.88230000000001,,0,0,0,0,0,0,0,0,0
Indiana Dist 2,40.57225,-79.87195000000001,,0,0,0,0,0,0,0,0,0
Indiana Dist 3,40.57995,-79.84020000000001,,0,0,0,0,0,0,0,0,0
Indiana Dist 4,40.5489,-79.92205000000001,,0,0,0,0,0,0,0,0,0
Indiana Dist 5,40.55445,-79.8832,,0,0,0,0,0,0,0,0,0
Ingram Dist 1,40.44460000000001,-80.0626,,0,0,0,0,0,0,0,0,0
Ingram Dist 2,40.446850000000005,-80.0719,,0,0,0,0,0,0,0,0,0
Ingram Dist 3,40.4435,-80.07265000000001,,0,0,0,0,0,0,0,0,0
Jefferson Hl Dist 1,40.2898,-79.96405,,0,0,0,0,0,0,0,0,0
Jefferson Hl Dist 2,40.2868,-79.89970000000001,,0,0,0,0,0,0,0,0,0
Jefferson Hl Dist 3,40.3121,-79.91380000000001,,0,0,0,0,0,0,0,0,0
Jefferson Hl Dist 4,,,,0,0,0,0,0,0,0,0,0
Jefferson Hl Dist 5,40.29405,-79.9317,,0,0,0,0,0,0,0,0,0
Jefferson Hl Dist 6,40.267,-79.93275,,0,0,0,0,0,0,0,0,0
Jefferson Hl Dist 7,,,,0,0,0,0,0,0,0,0,0
Jefferson Hl Dist 8,40.31875000000001,-79.97325000000001,,0,0,0,0,0,0,0,0,0
Jefferson Hl Dist 9,40.3099,-79.96310000000001,,0,0,0,0,0,0,0,0,0
Kennedy Dist 1,40.47355,-80.10990000000001,,0,0,0,0,0,0,0,0,0
Kennedy Dist 2,40.46435,-80.09405000000001,,0,0,0,0,0,0,0,0,0
Kennedy Dist 3,40.49275,-80.10940000000001,,0,0,0,0,0,0,0,0,0
Kennedy Dist 4,40.48650000000001,-80.09015,,0,0,0,0,0,0,0,0,0
Kennedy Dist 5,40.4871,-80.09965000000001,,0,0,0,0,0,0,0,0,0
Kennedy Dist 6,40.46345,-80.1024,,0,0,0,0,0,0,0,0,0
Kennedy Dist 7,40.49105,-80.11885000000001,,0,0,0,0,0,0,0,0,0
Kilbuck,40.52105,-80.0916,,0,0,0,0,0,0,0,0,0
Leet Dist 1,40.58215,-80.2131,,0,0,0,0,0,0,0,0,0
Leet Dist 2,40.574400000000004,-80.20215000000002,,0,0,0,0,0,0,0,0,0
Leetsdale,40.5666,-80.21335000000002,,0,0,0,0,0,0,0,0,0
Liberty Dist 1,40.325050000000005,-79.86340000000001,,0,0,0,0,0,0,0,0,0
Liberty Dist 2,40.32705,-79.85040000000001,,0,0,0,0,0,0,0,0,0
Lincoln,40.298700000000004,-79.8567,,0,0,0,0,0,0,0,0,0
Marshall Dist 1,40.66555,-80.11945,,0,0,0,0,0,0,0,0,0
Marshall Dist 2,40.6425,-80.12195,,0,0,0,0,0,0,0,0,0
Marshall Dist 3,40.6258,-80.08305000000001,,0,0,0,0,0,0,0,0,0
Marshall Dist 4,40.643299999999996,-80.1063,,0,0,0,0,0,0,0,0,0
Marshall Dist 5,40.66505,-80.083,,0,0,0,0,0,0,0,0,0
Marshall Dist 6,40.62480000000001,-80.08005,,0,0,0,0,0,0,0,0,0
Marshall Dist 7,40.65055,-80.0835,,0,0,0,0,0,0,0,0,0
McCandless Ward 1 Dist 1,40.5989,-80.02525,,0,0,0,0,0,0,0,0,0
McCandless Ward 1 Dist 2,40.5808,-80.00695000000002,,0,0,0,0,0,0,0,0,0
McCandless Ward 1 Dist 3,40.594,-80.03140000000002,,0,0,0,0,0,0,0,0,0
McCandless Ward 2 Dist 1,40.59985,-80.0566,,0,0,0,0,0,0,0,0,0
McCandless Ward 2 Dist 2,40.5934,-80.06110000000001,,0,0,0,0,0,0,0,0,0
McCandless Ward 2 Dist 3,40.5962,-80.04335,,0,0,0,0,0,0,0,0,0
McCandless Ward 3 Dist 1,40.57390000000001,-80.0446,,0,0,0,0,0,0,0,0,0
McCandless Ward 3 Dist 2,40.579750000000004,-80.04585,,0,0,0,0,0,0,0,0,0
McCandless Ward 3 Dist 3,40.579800000000006,-80.0553,,0,0,0,0,0,0,0,0,0
McCandless Ward 4 Dist 1,40.5608,-80.04935,,0,0,0,0,0,0,0,0,0
McCandless Ward 4 Dist 2,40.56465,-80.04945000000001,,0,0,0,0,0,0,0,0,0
McCandless Ward 4 Dist 3,40.56205,-80.06155000000001,,0,0,0,0,0,0,0,0,0
McCandless Ward 5 Dist 1,40.5839,-80.02595000000001,,0,0,0,0,0,0,0,0,0
McCandless Ward 5 Dist 2,40.5685,-80.02600000000001,,0,0,0,0,0,0,0,0,0
McCandless Ward 5 Dist 3,40.56280000000001,-80.03155000000001,,0,0,0,0,0,0,0,0,0
McCandless Ward 6 Dist 1,40.560950000000005,-80.01515,,0,0,0,0,0,0,0,0,0
McCandless Ward 6 Dist 2,40.5574,-80.0147,,0,0,0,0,0,0,0,0,0
McCandless Ward 6 Dist 3,40.567400000000006,-80.0001,,0,0,0,0,0,0,0,0,0
McCandless Ward 7 Dist 1,40.5945,-79.99915000000001,,0,0,0,0,0,0,0,0,0
McCandless Ward 7 Dist 2,40.57040000000001,-79.9947,,0,0,0,0,0,0,0,0,0
McCandless Ward 7 Dist 3,40.561350000000004,-79.99350000000001,,0,0,0,0,0,0,0,0,0
McDonald,,,,0,0,0,0,0,0,0,0,0
McKeesport Ward 1,40.35255,-79.86770000000001,,0,0,0,0,0,0,0,0,0
McKeesport Ward 2,40.348200000000006,-79.86475000000002,,0,0,0,0,0,0,0,0,0
McKeesport Ward 3 Dist 1,40.34375,-79.86585,,0,0,0,0,0,0,0,0,0
McKeesport Ward 3 Dist 2,40.3421,-79.8604,,0,0,0,0,0,0,0,0,0
McKeesport Ward 4,40.35295000000001,-79.86090000000002,,0,0,0,0,0,0,0,0,0
McKeesport Ward 5,40.349450000000004,-79.8572,,0,0,0,0,0,0,0,0,0
McKeesport Ward 6 Dist 1,40.35145,-79.85265000000001,,0,0,0,0,0,0,0,0,0
McKeesport Ward 6 Dist 2,40.3514,-79.84795000000001,,0,0,0,0,0,0,0,0,0
McKeesport Ward 7 Dist 1,40.344100000000005,-79.856,,0,0,0,0,0,0,0,0,0
McKeesport Ward 7 Dist 2,40.341300000000004,-79.85480000000001,,0,0,0,0,0,0,0,0,0
McKeesport Ward 7 Dist 3,40.343700000000005,-79.84960000000001,,0,0,0,0,0,0,0,0,0
McKeesport Ward 7 Dist 4,40.34335,-79.84450000000001,,0,0,0,0,0,0,0,0,0
McKeesport Ward 7 Dist 5,40.34335,-79.83940000000001,,0,0,0,0,0,0,0,0,0
McKeesport Ward 7 Dist 6,40.339800000000004,-79.84165000000002,,0,0,0,0,0,0,0,0,0
McKeesport Ward 7 Dist 7,40.34,-79.84975,,0,0,0,0,0,0,0,0,0
McKeesport Ward 8 Dist 1,40.35905,-79.83705,,0,0,0,0,0,0,0,0,0
McKeesport Ward 8 Dist 2,40.3496,-79.8338,,0,0,0,0,0,0,0,0,0
McKeesport Ward 8 Dist 3,40.34700000000001,-79.84040000000002,,0,0,0,0,0,0,0,0,0
McKeesport Ward 8 Dist 4,40.35305,-79.82995000000001,,0,0,0,0,0,0,0,0,0
McKeesport Ward 8 Dist 5,40.350950000000005,-79.84130000000002,,0,0,0,0,0,0,0,0,0
McKeesport Ward 8 Dist 6,40.355250000000005,-79.83545000000001,,0,0,0,0,0,0,0,0,0
McKeesport Ward 9 Dist 1,40.34100000000001,-79.83375000000001,,0,0,0,0,0,0,0,0,0
McKeesport Ward 9 Dist 2,40.335750000000004,-79.83785,,0,0,0,0,0,0,0,0,0
McKeesport Ward 9 Dist 3,40.33465,-79.83255,,0,0,0,0,0,0,0,0,0
McKeesport Ward 10 Dist 1,40.34985,-79.87780000000001,,0,0,0,0,0,0,0,0,0
McKeesport Ward 10 Dist 2,40.34615000000001,-79.87685,,0,0,0,0,0,0,0,0,0
McKeesport Ward 11 Dist 1,40.3344,-79.8502,,0,0,0,0,0,0,0,0,0
McKeesport Ward 11 Dist 2,40.332100000000004,-79.84305,,0,0,0,0,0,0,0,0,0
McKeesport Ward 11 Dist 3,40.3369,-79.8482,,0,0,0,0,0,0,0,0,0
McKeesport Ward 12 Dist 1,40.328450000000004,-79.8357,,0,0,0,0,0,0,0,0,0
McKeesport Ward 12 Dist 2,40.3386,-79.82725,,0,0,0,0,0,0,0,0,0
McKeesport Ward 12 Dist 3,40.326800000000006,-79.82485,,0,0,0,0,0,0,0,0,0
McKees Rocks Ward 1 Dist 1,40.469800000000006,-80.05435,,0,0,0,0,0,0,0,0,0
McKees Rocks Ward 1 Dist 2,40.46615,-80.0614,,0,0,0,0,0,0,0,0,0
McKees Rocks Ward 2 Dist 1,40.472950000000004,-80.055,,0,0,0,0,0,0,0,0,0
McKees Rocks Ward 2 Dist 2,40.472350000000006,-80.06225,,0,0,0,0,0,0,0,0,0
McKees Rocks Ward 3 Dist 1,40.4675,-80.07755,,0,0,0,0,0,0,0,0,0
McKees Rocks Ward 3 Dist 2,40.4677,-80.0694,,0,0,0,0,0,0,0,0,0
McKees Rocks Ward 3 Dist 3,40.464400000000005,-80.07035,,0,0,0,0,0,0,0,0,0
Millvale Dist 1,40.475350000000006,-79.971,,0,0,0,0,0,0,0,0,0
Millvale Dist 2,40.487300000000005,-79.97155000000001,,0,0,0,0,0,0,0,0,0
Millvale Dist 3,40.48125,-79.97465,,0,0,0,0,0,0,0,0,0
Millvale Dist 4,40.48010000000001,-79.9786,,0,0,0,0,0,0,0,0,0
Millvale Dist 5,40.489450000000005,-79.97325000000001,,0,0,0,0,0,0,0,0,0
Monroeville Ward 1 Dist 1,40.40455,-79.79635000000002,,0,0,0,0,0,0,0,0,0
Monroeville Ward 1 Dist 2,40.40435,-79.76440000000001,,0,0,0,0,0,0,0,0,0
Monroeville Ward 1 Dist 3,40.39620000000001,-79.75425000000001,,0,0,0,0,0,0,0,0,0
Monroeville Ward 1 Dist 4,40.419850000000004,-79.76565000000001,,0,0,0,0,0,0,0,0,0
Monroeville Ward 2 Dist 1,40.40775000000001,-79.74245,,0,0,0,0,0,0,0,0,0
Monroeville Ward 2 Dist 2,40.407700000000006,-79.7549,,0,0,0,0,0,0,0,0,0
Monroeville Ward 2 Dist 3,40.417300000000004,-79.73725000000002,,0,0,0,0,0,0,0,0,0
Monroeville Ward 3 Dist 1,40.448750000000004,-79.74520000000001,,0,0,0,0,0,0,0,0,0
Monroeville Ward 3 Dist 2,40.448350000000005,-79.75895000000001,,0,0,0,0,0,0,0,0,0
Monroeville Ward 3 Dist 3,40.45425,-79.7654,,0,0,0,0,0,0,0,0,0
Monroeville Ward 3 Dist 4,40.44375000000001,-79.71820000000001,,0,0,0,0,0,0,0,0,0
Monroeville Ward 4 Dist 1,40.423,-79.71650000000001,,0,0,0,0,0,0,0,0,0
Monroeville Ward 4 Dist 2,40.4255,-79.73165,,0,0,0,0,0,0,0,0,0
Monroeville Ward 4 Dist 3,40.4395,-79.7262,,0,0,0,0,0,0,0,0,0
Monroeville Ward 5 Dist 1,40.42060000000001,-79.78265,,0,0,0,0,0,0,0,0,0
Monroeville Ward 5 Dist 2,40.430350000000004,-79.76865000000001,,0,0,0,0,0,0,0,0,0
Monroeville Ward 5 Dist 3,40.431850000000004,-79.7553,,0,0,0,0,0,0,0,0,0
Monroeville Ward 5 Dist 4,40.43155,-79.78105000000001,,0,0,0,0,0,0,0,0,0
Monroeville Ward 6 Dist 1,40.4136,-79.81060000000001,,0,0,0,0,0,0,0,0,0
Monroeville Ward 6 Dist 2,40.42535,-79.79480000000001,,0,0,0,0,0,0,0,0,0
Monroeville Ward 6 Dist 3,40.438100000000006,-79.7894,,0,0,0,0,0,0,0,0,0
Monroeville Ward 6 Dist 4,40.4365,-79.76910000000001,,0,0,0,0,0,0,0,0,0
Monroeville Ward 7 Dist 1,40.451950000000004,-79.78285,,0,0,0,0,0,0,0,0,0
Monroeville Ward 7 Dist 2,40.4487,-79.78135,,0,0,0,0,0,0,0,0,0
Monroeville Ward 7 Dist 3,40.443850000000005,-79.78125,,0,0,0,0,0,0,0,0,0
Moon Dist 1,40.52145,-80.2099,,0,0,0,0,0,0,0,0,0
Moon Dist 2,40.5075,-80.18785,,0,0,0,0,0,0,0,0,0
Moon Dist 3,40.526300000000006,-80.1876,,0,0,0,0,0,0,0,0,0
Moon Dist 4,40.543800000000005,-80.25410000000001,,0,0,0,0,0,0,0,0,0
Moon Dist 5,40.5321,-80.24960000000002,,0,0,0,0,0,0,0,0,0
Moon Dist 6,40.47815,-80.179,,0,0,0,0,0,0,0,0,0
Moon Dist 7,40.49365,-80.22105,,0,0,0,0,0,0,0,0,0
Moon Dist 8,40.50035,-80.15775000000001,,0,0,0,0,0,0,0,0,0
Moon Dist 9,,,,0,0,0,0,0,0,0,0,0
Moon Dist 10,40.507000000000005,-80.2099,,0,0,0,0,0,0,0,0,0
Moon Dist 11,40.5249,-80.2411,,0,0,0,0,0,0,0,0,0
Moon Dist 12,40.50065000000001,-80.1739,,0,0,0,0,0,0,0,0,0
Moon Dist 13,40.5298,-80.21225000000001,,0,0,0,0,0,0,0,0,0
Mt Lebanon Ward 1 Dist 1,40.38815,-80.06500000000001,,0,0,0,0,0,0,0,0,0
Mt Lebanon Ward 1 Dist 2,40.3874,-80.05000000000001,,0,0,0,0,0,0,0,0,0
Mt Lebanon Ward 1 Dist 3,40.3896,-80.05215000000001,,0,0,0,0,0,0,0,0,0
Mt Lebanon Ward 1 Dist 4,40.39645,-80.05090000000001,,0,0,0,0,0,0,0,0,0
Mt Lebanon Ward 1 Dist 5,40.3928,-80.05420000000001,,0,0,0,0,0,0,0,0,0
Mt Lebanon Ward 1 Dist 6,40.38235,-80.06125,,0,0,0,0,0,0,0,0,0
Mt Lebanon Ward 1 Dist 7,40.39475,-80.04755,,0,0,0,0,0,0,0,0,0
Mt Lebanon Ward 2 Dist 1,40.36175,-80.05370000000002,,0,0,0,0,0,0,0,0,0
Mt Lebanon Ward 2 Dist 2,40.3633,-80.0581,,0,0,0,0,0,0,0,0,0
Mt Lebanon Ward 2 Dist 3,40.36975,-80.05520000000001,,0,0,0,0,0,0,0,0,0
Mt Lebanon Ward 2 Dist 4,40.3647,-80.06175,,0,0,0,0,0,0,0,0,0
Mt Lebanon Ward 2 Dist 5,40.369200000000006,-80.069,,0,0,0,0,0,0,0,0,0
Mt Lebanon Ward 2 Dist 6,40.3684,-80.0747,,0,0,0,0,0,0,0,0,0
Mt Lebanon Ward 2 Dist 7,40.36880000000001,-80.07185000000001,,0,0,0,0,0,0,0,0,0
Mt Lebanon Ward 2 Dist 8,40.374700000000004,-80.07615000000001,,0,0,0,0,0,0,0,0,0
Mt Lebanon Ward 3 Dist 1,40.36885,-80.04535000000001,,0,0,0,0,0,0,0,0,0
Mt Lebanon Ward 3 Dist 2,40.36095,-80.03625,,0,0,0,0,0,0,0,0,0
Mt Lebanon Ward 3 Dist 3,40.3599,-80.04355000000001,,0,0,0,0,0,0,0,0,0
Mt Lebanon Ward 3 Dist 4,40.364900000000006,-80.04140000000001,,0,0,0,0,0,0,0,0,0
Mt Lebanon Ward 3 Dist 5,40.37155,-80.0429,,0,0,0,0,0,0,0,0,0
Mt Lebanon Ward 3 Dist 6,40.3742,-80.04045,,0,0,0,0,0,0,0,0,0
Mt Lebanon Ward 3 Dist 7,40.353750000000005,-80.04230000000001,,0,0,0,0,0,0,0,0,0
Mt Lebanon Ward 3 Dist 8,40.361000000000004,-80.04745000000001,,0,0,0,0,0,0,0,0,0
Mt Lebanon Ward 4 Dist 1,40.38195,-80.0404,,0,0,0,0,0,0,0,0,0
Mt Lebanon Ward 4 Dist 2,40.376400000000004,-80.03835000000001,,0,0,0,0,0,0,0,0,0
Mt Lebanon Ward 4 Dist 3,40.37565000000001,-80.03325000000001,,0,0,0,0,0,0,0,0,0
Mt Lebanon Ward 4 Dist 4,40.383,-80.03055,,0,0,0,0,0,0,0,0,0
Mt Lebanon Ward 4 Dist 5,40.3733,-80.02565000000001,,0,0,0,0,0,0,0,0,0
Mt Lebanon Ward 4 Dist 6,40.38055,-80.0314,,0,0,0,0,0,0,0,0,0
Mt Lebanon Ward 4 Dist 7,40.38335000000001,-80.02735000000001,,0,0,0,0,0,0,0,0,0
Mt Lebanon Ward 5 Dist 1,40.3858,-80.04535000000001,,0,0,0,0,0,0,0,0,0
Mt Lebanon Ward 5 Dist 2,40.388200000000005,-80.04385,,0,0,0,0,0,0,0,0,0
Mt Lebanon Ward 5 Dist 3,40.379000000000005,-80.05020000000002,,0,0,0,0,0,0,0,0,0
Mt Lebanon Ward 5 Dist 4,40.38000000000001,-80.0556,,0,0,0,0,0,0,0,0,0
Mt Lebanon Ward 5 Dist 5,40.37650000000001,-80.05015,,0,0,0,0,0,0,0,0,0
Mt Lebanon Ward 5 Dist 6,40.37825000000001,-80.06055,,0,0,0,0,0,0,0,0,0
Mt Lebanon Ward 5 Dist 7,40.37285000000001,-80.0597,,0,0,0,0,0,0,0,0,0
Mt Lebanon Ward 5 Dist 8,40.3827,-80.0497,,0,0,0,0,0,0,0,0,0
Mt Oliver Dist 1,40.41590000000001,-79.98530000000001,,0,0,0,0,0,0,0,0,0
Mt Oliver Dist 2,40.411,-79.9862,,0,0,0,0,0,0,0,0,0
Mt Oliver Dist 3,40.40785,-79.98665,,0,0,0,0,0,0,0,0,0
Mt Oliver Dist 4,40.40860000000001,-79.98375000000001,,0,0,0,0,0,0,0,0,0
Munhall Dist 1,40.40545,-79.89540000000001,,0,0,0,0,0,0,0,0,0
Munhall Dist 2,40.407250000000005,-79.90255000000002,,0,0,0,0,0,0,0,0,0
Munhall Dist 3,40.4025,-79.90135000000001,,0,0,0,0,0,0,0,0,0
Munhall Dist 4,40.3977,-79.90345,,0,0,0,0,0,0,0,0,0
Munhall Dist 5,40.393950000000004,-79.9004,,0,0,0,0,0,0,0,0,0
Munhall Dist 6,40.385850000000005,-79.90455,,0,0,0,0,0,0,0,0,0
Munhall Dist 7,40.3845,-79.90025,,0,0,0,0,0,0,0,0,0
Munhall Dist 8,40.378400000000006,-79.90365,,0,0,0,0,0,0,0,0,0
Munhall Dist 9,40.40310000000001,-79.8904,,0,0,0,0,0,0,0,0,0
Munhall Dist 10,40.38510000000001,-79.91375000000001,,0,0,0,0,0,0,0,0,0
Munhall Dist 11,40.38335000000001,-79.90970000000002,,0,0,0,0,0,0,0,0,0
Munhall Dist 12,40.38000000000001,-79.89460000000001,,0,0,0,0,0,0,0,0,0
Neville Ward 1,40.50305,-80.1002,,0,0,0,0,0,0,0,0,0
Neville Ward 2,40.51315,-80.1371,,0,0,0,0,0,0,0,0,0
Neville Ward 3,40.518600000000006,-80.1512,,0,0,0,0,0,0,0,0,0
N Braddock Ward 1 Dist 1,40.410000000000004,-79.84745000000001,,0,0,0,0,0,0,0,0,0
N Braddock Ward 1 Dist 2,40.39835000000001,-79.85245,,0,0,0,0,0,0,0,0,0
N Braddock Ward 1 Dist 3,40.404650000000004,-79.84275000000001,,0,0,0,0,0,0,0,0,0
N Braddock Ward 2 Dist 1,40.401500000000006,-79.85745,,0,0,0,0,0,0,0,0,0
N Braddock Ward 2 Dist 2,40.4058,-79.85635,,0,0,0,0,0,0,0,0,0
N Braddock Ward 3 Dist 1,40.40755,-79.8629,,0,0,0,0,0,0,0,0,0
N Braddock Ward 3 Dist 2,40.41045,-79.8645,,0,0,0,0,0,0,0,0,0
N Fayette Dist 1,40.40205,-80.2132,,0,0,0,0,0,0,0,0,0
N Fayette Dist 2,40.4443,-80.1951,,0,0,0,0,0,0,0,0,0
N Fayette Dist 3,40.44885000000001,-80.2192,,0,0,0,0,0,0,0,0,0
N Fayette Dist 4,40.44095,-80.26065,,0,0,0,0,0,0,0,0,0
N Fayette Dist 5,40.42675,-80.2318,,0,0,0,0,0,0,0,0,0
N Versailles Ward 1 Dist 1,40.37545,-79.80535,,0,0,0,0,0,0,0,0,0
N Versailles Ward 1 Dist 2,40.384550000000004,-79.8006,,0,0,0,0,0,0,0,0,0
N Versailles Ward 2 Dist 1,40.37115,-79.82125,,0,0,0,0,0,0,0,0,0
N Versailles Ward 2 Dist 2,40.38185,-79.8193,,0,0,0,0,0,0,0,0,0
N Versailles Ward 3 Dist 1,40.36645,-79.78820000000002,,0,0,0,0,0,0,0,0,0
N Versailles Ward 3 Dist 2,40.37935,-79.7852,,0,0,0,0,0,0,0,0,0
N Versailles Ward 4 Dist 1,40.370400000000004,-79.83225000000002,,0,0,0,0,0,0,0,0,0
N Versailles Ward 4 Dist 2,40.3725,-79.8245,,0,0,0,0,0,0,0,0,0
N Versailles Ward 5 Dist 1,40.39325,-79.81790000000001,,0,0,0,0,0,0,0,0,0
N Versailles Ward 5 Dist 2,40.39455000000001,-79.82770000000001,,0,0,0,0,0,0,0,0,0
N Versailles Ward 6 Dist 1,40.36815,-79.79835,,0,0,0,0,0,0,0,0,0
N Versailles Ward 6 Dist 2,40.36665000000001,-79.81235000000001,,0,0,0,0,0,0,0,0,0
N Versailles Ward 7,40.3848,-79.83695,,0,0,0,0,0,0,0,0,0
Oakdale Dist 1,40.39920000000001,-80.18765000000002,,0,0,0,0,0,0,0,0,0
Oakdale Dist 2,40.40245,-80.18705,,0,0,0,0,0,0,0,0,0
Oakmont Dist 1,40.5163,-79.82915,,0,0,0,0,0,0,0,0,0
Oakmont Dist 2,40.52525,-79.8287,,0,0,0,0,0,0,0,0,0
Oakmont Dist 3,40.5247,-79.8382,,0,0,0,0,0,0,0,0,0
Oakmont Dist 4,40.516600000000004,-79.8388,,0,0,0,0,0,0,0,0,0
Oakmont Dist 5,40.51735,-79.83630000000001,,0,0,0,0,0,0,0,0,0
Oakmont Dist 6,40.52,-79.84285000000001,,0,0,0,0,0,0,0,0,0
O'Hara Ward 1 Dist 1,40.496750000000006,-79.87265000000001,,0,0,0,0,0,0,0,0,0
O'Hara Ward 1 Dist 2,40.498000000000005,-79.86025000000001,,0,0,0,0,0,0,0,0,0
O'Hara Ward 2 Dist 1,40.5157,-79.9254,,0,0,0,0,0,0,0,0,0
O'Hara Ward 2 Dist 2,40.5242,-79.92450000000001,,0,0,0,0,0,0,0,0,0
O'Hara Ward 3 Dist 1,40.5073,-79.92595,,0,0,0,0,0,0,0,0,0
O'Hara Ward 3 Dist 2,40.5005,-79.9261,,0,0,0,0,0,0,0,0,0
O'Hara Ward 4 Dist 1,40.49515,-79.88525000000001,,0,0,0,0,0,0,0,0,0
O'Hara Ward 4 Dist 2,40.5064,-79.91055,,0,0,0,0,0,0,0,0,0
O'Hara Ward 5 Dist 1,40.51785,-79.86080000000001,,0,0,0,0,0,0,0,0,0
O'Hara Ward 5 Dist 2,40.5124,-79.8636,,0,0,0,0,0,0,0,0,0
Ohio Dist 1,40.56275000000001,-80.09895,,0,0,0,0,0,0,0,0,0
Ohio Dist 2,40.5369,-80.09720000000002,,0,0,0,0,0,0,0,0,0
Ohio Dist 3,40.53445000000001,-80.08225000000002,,0,0,0,0,0,0,0,0,0
Glen Osborne,40.5309,-80.16885,,0,0,0,0,0,0,0,0,0
Penn Hills Ward 1 Dist 1,40.470850000000006,-79.86405,,0,0,0,0,0,0,0,0,0
Penn Hills Ward 1 Dist 2,40.4718,-79.87310000000001,,0,0,0,0,0,0,0,0,0
Penn Hills Ward 1 Dist 3,40.463300000000004,-79.87245000000001,,0,0,0,0,0,0,0,0,0
Penn Hills Ward 1 Dist 4,40.46405,-79.88205,,0,0,0,0,0,0,0,0,0
Penn Hills Ward 1 Dist 5,40.47005,-79.88245,,0,0,0,0,0,0,0,0,0
Penn Hills Ward 2 Dist 1,40.4645,-79.86365,,0,0,0,0,0,0,0,0,0
Penn Hills Ward 2 Dist 2,40.4602,-79.86345,,0,0,0,0,0,0,0,0,0
Penn Hills Ward 2 Dist 3,40.45965,-79.84915000000001,,0,0,0,0,0,0,0,0,0
Penn Hills Ward 2 Dist 4,40.45400000000001,-79.85040000000001,,0,0,0,0,0,0,0,0,0
Penn Hills Ward 3 Dist 1,40.47565,-79.83445,,0,0,0,0,0,0,0,0,0
Penn Hills Ward 3 Dist 2,40.46925,-79.8324,,0,0,0,0,0,0,0,0,0
Penn Hills Ward 3 Dist 3,40.4632,-79.83860000000001,,0,0,0,0,0,0,0,0,0
Penn Hills Ward 3 Dist 4,40.468900000000005,-79.84125,,0,0,0,0,0,0,0,0,0
Penn Hills Ward 3 Dist 5,40.467800000000004,-79.85170000000001,,0,0,0,0,0,0,0,0,0
Penn Hills Ward 3 Dist 6,40.469500000000004,-79.8252,,0,0,0,0,0,0,0,0,0
Penn Hills Ward 4 Dist 1,40.4615,-79.8302,,0,0,0,0,0,0,0,0,0
Penn Hills Ward 4 Dist 2,40.45725,-79.84100000000001,,0,0,0,0,0,0,0,0,0
Penn Hills Ward 4 Dist 3,40.457350000000005,-79.82985000000001,,0,0,0,0,0,0,0,0,0
Penn Hills Ward 4 Dist 4,40.4549,-79.83770000000001,,0,0,0,0,0,0,0,0,0
Penn Hills Ward 4 Dist 5,40.449400000000004,-79.83370000000001,,0,0,0,0,0,0,0,0,0
Penn Hills Ward 5 Dist 1,40.4611,-79.81975,,0,0,0,0,0,0,0,0,0
Penn Hills Ward 5 Dist 2,40.4588,-79.79815,,0,0,0,0,0,0,0,0,0
Penn Hills Ward 5 Dist 3,40.45235,-79.8084,,0,0,0,0,0,0,0,0,0
Penn Hills Ward 5 Dist 4,40.448100000000004,-79.80575,,0,0,0,0,0,0,0,0,0
Penn Hills Ward 5 Dist 5,40.45075,-79.8224,,0,0,0,0,0,0,0,0,0
Penn Hills Ward 5 Dist 6,40.44935000000001,-79.8116,,0,0,0,0,0,0,0,0,0
Penn Hills Ward 6 Dist 1,40.46925,-79.78425000000001,,0,0,0,0,0,0,0,0,0
Penn Hills Ward 6 Dist 2,40.4644,-79.81015000000001,,0,0,0,0,0,0,0,0,0
Penn Hills Ward 6 Dist 3,40.476,-79.80375000000001,,0,0,0,0,0,0,0,0,0
Penn Hills Ward 6 Dist 4,40.46685000000001,-79.805,,0,0,0,0,0,0,0,0,0
Penn Hills Ward 6 Dist 5,40.468500000000006,-79.81775000000002,,0,0,0,0,0,0,0,0,0
Penn Hills Ward 6 Dist 6,40.4709,-79.79325,,0,0,0,0,0,0,0,0,0
Penn Hills Ward 7 Dist 1,40.47890000000001,-79.81445000000001,,0,0,0,0,0,0,0,0,0
Penn Hills Ward 7 Dist 2,40.48755,-79.81040000000002,,0,0,0,0,0,0,0,0,0
Penn Hills Ward 7 Dist 3,40.480900000000005,-79.78665000000001,,0,0,0,0,0,0,0,0,0
Penn Hills Ward 7 Dist 4,40.49300000000001,-79.80000000000001,,0,0,0,0,0,0,0,0,0
Penn Hills Ward 7 Dist 5,40.478500000000004,-79.82430000000001,,0,0,0,0,0,0,0,0,0
Penn Hills Ward 7 Dist 6,40.4851,-79.7963,,0,0,0,0,0,0,0,0,0
Penn Hills Ward 7 Dist 7,40.494150000000005,-79.796,,0,0,0,0,0,0,0,0,0
Penn Hills Ward 8 Dist 1,40.496750000000006,-79.81890000000001,,0,0,0,0,0,0,0,0,0
Penn Hills Ward 8 Dist 2,40.50580000000001,-79.8304,,0,0,0,0,0,0,0,0,0
Penn Hills Ward 8 Dist 3,40.498450000000005,-79.8389,,0,0,0,0,0,0,0,0,0
Penn Hills Ward 8 Dist 4,40.49685000000001,-79.8131,,0,0,0,0,0,0,0,0,0
Penn Hills Ward 8 Dist 5,40.50965000000001,-79.81285,,0,0,0,0,0,0,0,0,0
Penn Hills Ward 8 Dist 6,40.49980000000001,-79.82780000000001,,0,0,0,0,0,0,0,0,0
Penn Hills Ward 9 Dist 1,40.49235,-79.84405000000001,,0,0,0,0,0,0,0,0,0
Penn Hills Ward 9 Dist 2,40.4906,-79.8314,,0,0,0,0,0,0,0,0,0
Penn Hills Ward 9 Dist 3,40.486450000000005,-79.83925,,0,0,0,0,0,0,0,0,0
Penn Hills Ward 9 Dist 4,40.4802,-79.8452,,0,0,0,0,0,0,0,0,0
Penn Hills Ward 9 Dist 5,40.480050000000006,-79.86795000000001,,0,0,0,0,0,0,0,0,0
Pine Dist 1,40.66225,-80.05205000000001,,0,0,0,0,0,0,0,0,0
Pine Dist 2,40.6572,-80.01615000000001,,0,0,0,0,0,0,0,0,0
Pine Dist 3,40.65205,-80.0013,,0,0,0,0,0,0,0,0,0
Pine Dist 4,40.6439,-80.05475000000001,,0,0,0,0,0,0,0,0,0
Pine Dist 5,40.63185,-80.0392,,0,0,0,0,0,0,0,0,0
Pine Dist 6,40.63575,-80.0162,,0,0,0,0,0,0,0,0,0
Pine Dist 7,40.628550000000004,-80.06185,,0,0,0,0,0,0,0,0,0
Pine Dist 8,40.6236,-80.0083,,0,0,0,0,0,0,0,0,0
Pitcairn Dist 1,40.4114,-79.77895000000001,,0,0,0,0,0,0,0,0,0
Pitcairn Dist 2,40.40305000000001,-79.77415,,0,0,0,0,0,0,0,0,0
Pitcairn Dist 3,40.40735000000001,-79.77420000000001,,0,0,0,0,0,0,0,0,0
Pittsburgh Ward 1 Dist 1,40.4386,-79.99960000000002,,0,0,0,0,0,0,0,0,0
Pittsburgh Ward 1 Dist 2,40.43605000000001,-79.982,,0,0,0,0,0,0,0,0,0
Pittsburgh Ward 2 Dist 1,40.4429,-80,,0,0,0,0,0,0,0,0,0
Pittsburgh Ward 2 Dist 2,40.451100000000004,-79.98515,,0,0,0,0,0,0,0,0,0
Pittsburgh Ward 3 Dist 1,40.4409,-79.98005,,0,0,0,0,0,0,0,0,0
Pittsburgh Ward 3 Dist 2,40.44355,-79.98375,,0,0,0,0,0,0,0,0,0
Pittsburgh Ward 3 Dist 3,40.446,-79.9843,,0,0,0,0,0,0,0,0,0
Pittsburgh Ward 3 Dist 4,40.442550000000004,-79.98920000000001,,0,0,0,0,0,0,0,0,0
Pittsburgh Ward 3 Dist 5,40.44045,-79.98330000000001,,0,0,0,0,0,0,0,0,0
Pittsburgh Ward 4 Dist 1,40.43560000000001,-79.9702,,0,0,0,0,0,0,0,0,0
Pittsburgh Ward 4 Dist 2,40.4316,-79.95965000000001,,0,0,0,0,0,0,0,0,0
Pittsburgh Ward 4 Dist 3,40.44035,-79.97015,,0,0,0,0,0,0,0,0,0
Pittsburgh Ward 4 Dist 4,40.439800000000005,-79.96775000000001,,0,0,0,0,0,0,0,0,0
Pittsburgh Ward 4 Dist 5,40.43900000000001,-79.95930000000001,,0,0,0,0,0,0,0,0,0
Pittsburgh Ward 4 Dist 6,40.44075,-79.9638,,0,0,0,0,0,0,0,0,0
Pittsburgh Ward 4 Dist 7,40.445150000000005,-79.95880000000001,,0,0,0,0,0,0,0,0,0
Pittsburgh Ward 4 Dist 8,40.443200000000004,-79.95535000000001,,0,0,0,0,0,0,0,0,0
Pittsburgh Ward 4 Dist 9,40.44975,-79.95315000000001,,0,0,0,0,0,0,0,0,0
Pittsburgh Ward 4 Dist 10,40.4512,-79.9504,,0,0,0,0,0,0,0,0,0
Pittsburgh Ward 4 Dist 11,40.44865,-79.94900000000001,,0,0,0,0,0,0,0,0,0
Pittsburgh Ward 4 Dist 12,40.44815,-79.95085,,0,0,0,0,0,0,0,0,0
Pittsburgh Ward 4 Dist 13,40.44485,-79.95065,,0,0,0,0,0,0,0,0,0
Pittsburgh Ward 4 Dist 14,40.4401,-79.9531,,0,0,0,0,0,0,0,0,0
Pittsburgh Ward 4 Dist 15,40.436150000000005,-79.9529,,0,0,0,0,0,0,0,0,0
Pittsburgh Ward 4 Dist 16,40.4352,-79.95545000000001,,0,0,0,0,0,0,0,0,0
Pittsburgh Ward 4 Dist 17,40.42945,-79.95410000000001,,0,0,0,0,0,0,0,0,0
Pittsburgh Ward 4 Dist 18,40.439400000000006,-79.96395000000001,,0,0,0,0,0,0,0,0,0
Pittsburgh Ward 4 Dist 19,40.4352,-79.9642,,0,0,0,0,0,0,0,0,0
Pittsburgh Ward 5 Dist 1,40.44895,-79.9792,,0,0,0,0,0,0,0,0,0
Pittsburgh Ward 5 Dist 2,40.44655,-79.98025000000001,,0,0,0,0,0,0,0,0,0
Pittsburgh Ward 5 Dist 3,40.44800000000001,-79.9762,,0,0,0,0,0,0,0,0,0
Pittsburgh Ward 5 Dist 4,40.44970000000001,-79.9711,,0,0,0,0,0,0,0,0,0
Pittsburgh Ward 5 Dist 5,40.45315000000001,-79.96865,,0,0,0,0,0,0,0,0,0
Pittsburgh Ward 5 Dist 6,40.45085,-79.97465000000001,,0,0,0,0,0,0,0,0,0
Pittsburgh Ward 5 Dist 7,40.454150000000006,-79.9629,,0,0,0,0,0,0,0,0,0
Pittsburgh Ward 5 Dist 8,40.4546,-79.95915,,0,0,0,0,0,0,0,0,0
Pittsburgh Ward 5 Dist 9,40.45465,-79.95425,,0,0,0,0,0,0,0,0,0
Pittsburgh Ward 5 Dist 10,40.450700000000005,-79.95920000000001,,0,0,0,0,0,0,0,0,0
Pittsburgh Ward 5 Dist 11,40.445800000000006,-79.9666,,0,0,0,0,0,0,0,0,0
Pittsburgh Ward 5 Dist 12,40.450950000000006,-79.96475000000001,,0,0,0,0,0,0,0,0,0
Pittsburgh Ward 5 Dist 13,40.44800000000001,-79.9685,,0,0,0,0,0,0,0,0,0
Pittsburgh Ward 5 Dist 14,40.44565,-79.97485,,0,0,0,0,0,0,0,0,0
Pittsburgh Ward 5 Dist 15,40.4423,-79.9762,,0,0,0,0,0,0,0,0,0
Pittsburgh Ward 5 Dist 16,40.44155000000001,-79.977,,0,0,0,0,0,0,0,0,0
Pittsburgh Ward 5 Dist 17,40.44255,-79.97095000000002,,0,0,0,0,0,0,0,0,0
Pittsburgh Ward 5 Dist 18,40.443650000000005,-79.96640000000001,,0,0,0,0,0,0,0,0,0
Pittsburgh Ward 6 Dist 1,40.46360000000001,-79.97055,,0,0,0,0,0,0,0,0,0
Pittsburgh Ward 6 Dist 2,40.464850000000006,-79.96265000000001,,0,0,0,0,0,0,0,0,0
Pittsburgh Ward 6 Dist 3,40.46285,-79.96010000000001,,0,0,0,0,0,0,0,0,0
Pittsburgh Ward 6 Dist 4,40.458000000000006,-79.96100000000001,,0,0,0,0,0,0,0,0,0
Pittsburgh Ward 6 Dist 5,40.45585,-79.9701,,0,0,0,0,0,0,0,0,0
Pittsburgh Ward 7 Dist 1,40.4495,-79.9449,,0,0,0,0,0,0,0,0,0
Pittsburgh Ward 7 Dist 2,40.4506,-79.93865,,0,0,0,0,0,0,0,0,0
Pittsburgh Ward 7 Dist 3,40.45675,-79.93405000000001,,0,0,0,0,0,0,0,0,0
Pittsburgh Ward 7 Dist 4,40.45425,-79.9341,,0,0,0,0,0,0,0,0,0
Pittsburgh Ward 7 Dist 5,40.450700000000005,-79.93365,,0,0,0,0,0,0,0,0,0
Pittsburgh Ward 7 Dist 6,40.452650000000006,-79.92935,,0,0,0,0,0,0,0,0,0
Pittsburgh Ward 7 Dist 7,40.45140000000001,-79.92985000000002,,0,0,0,0,0,0,0,0,0
Pittsburgh Ward 7 Dist 8,40.45575000000001,-79.93025,,0,0,0,0,0,0,0,0,0
Pittsburgh Ward 7 Dist 9,40.45655000000001,-79.92735,,0,0,0,0,0,0,0,0,0
Pittsburgh Ward 7 Dist 10,40.45355000000001,-79.92410000000001,,0,0,0,0,0,0,0,0,0
Pittsburgh Ward 7 Dist 11,40.45745,-79.9223,,0,0,0,0,0,0,0,0,0
Pittsburgh Ward 7 Dist 12,40.45635,-79.91745,,0,0,0,0,0,0,0,0,0
Pittsburgh Ward 7 Dist 13,40.453,-79.94285,,0,0,0,0,0,0,0,0,0
Pittsburgh Ward 7 Dist 14,40.4523,-79.94655,,0,0,0,0,0,0,0,0,0
Pittsburgh Ward 8 Dist 1,40.461200000000005,-79.9539,,0,0,0,0,0,0,0,0,0
Pittsburgh Ward 8 Dist 2,40.459950000000006,-79.95155000000001,,0,0,0,0,0,0,0,0,0
Pittsburgh Ward 8 Dist 3,40.45700000000001,-79.9486,,0,0,0,0,0,0,0,0,0
Pittsburgh Ward 8 Dist 4,40.45665,-79.94315,,0,0,0,0,0,0,0,0,0
Pittsburgh Ward 8 Dist 5,40.4615,-79.94390000000001,,0,0,0,0,0,0,0,0,0
Pittsburgh Ward 8 Dist 6,40.463150000000006,-79.94815,,0,0,0,0,0,0,0,0,0
Pittsburgh Ward 8 Dist 7,40.45895,-79.93925,,0,0,0,0,0,0,0,0,0
Pittsburgh Ward 8 Dist 8,40.4622,-79.93915000000001,,0,0,0,0,0,0,0,0,0
Pittsburgh Ward 8 Dist 9,40.4593,-79.93225000000001,,0,0,0,0,0,0,0,0,0
Pittsburgh Ward 8 Dist 10,40.46390000000001,-79.94485,,0,0,0,0,0,0,0,0,0
Pittsburgh Ward 8 Dist 11,40.45955000000001,-79.93435,,0,0,0,0,0,0,0,0,0
Pittsburgh Ward 8 Dist 12,40.46315,-79.93415,,0,0,0,0,0,0,0,0,0
Pittsburgh Ward 8 Dist 13,40.46115,-79.92755,,0,0,0,0,0,0,0,0,0
Pittsburgh Ward 9 Dist 1,40.47195000000001,-79.96445,,0,0,0,0,0,0,0,0,0
Pittsburgh Ward 9 Dist 2,40.473600000000005,-79.96255000000001,,0,0,0,0,0,0,0,0,0
Pittsburgh Ward 9 Dist 3,40.47775,-79.96065000000002,,0,0,0,0,0,0,0,0,0
Pittsburgh Ward 9 Dist 4,40.471900000000005,-79.94705000000002,,0,0,0,0,0,0,0,0,0
Pittsburgh Ward 9 Dist 5,40.4699,-79.95870000000001,,0,0,0,0,0,0,0,0,0
Pittsburgh Ward 9 Dist 6,40.4671,-79.95805000000001,,0,0,0,0,0,0,0,0,0
Pittsburgh Ward 9 Dist 7,40.46770000000001,-79.9529,,0,0,0,0,0,0,0,0,0
Pittsburgh Ward 9 Dist 8,40.463800000000006,-79.95420000000001,,0,0,0,0,0,0,0,0,0
Pittsburgh Ward 9 Dist 9,40.464150000000004,-79.95020000000001,,0,0,0,0,0,0,0,0,0
Pittsburgh Ward 10 Dist 1,40.482800000000005,-79.95320000000001,,0,0,0,0,0,0,0,0,0
Pittsburgh Ward 10 Dist 2,40.47905,-79.95170000000002,,0,0,0,0,0,0,0,0,0
Pittsburgh Ward 10 Dist 3,40.4808,-79.94965,,0,0,0,0,0,0,0,0,0
Pittsburgh Ward 10 Dist 4,40.483700000000006,-79.93605000000001,,0,0,0,0,0,0,0,0,0
Pittsburgh Ward 10 Dist 5,40.48695000000001,-79.94175000000001,,0,0,0,0,0,0,0,0,0
Pittsburgh Ward 10 Dist 6,40.481750000000005,-79.9442,,0,0,0,0,0,0,0,0,0
Pittsburgh Ward 10 Dist 7,40.48825,-79.929,,0,0,0,0,0,0,0,0,0
Pittsburgh Ward 10 Dist 8,40.486900000000006,-79.92215000000002,,0,0,0,0,0,0,0,0,0
Pittsburgh Ward 10 Dist 9,40.4823,-79.92745000000001,,0,0,0,0,0,0,0,0,0
Pittsburgh Ward 10 Dist 10,40.4808,-79.9314,,0,0,0,0,0,0,0,0,0
Pittsburgh Ward 10 Dist 11,40.47695,-79.92975000000001,,0,0,0,0,0,0,0,0,0
Pittsburgh Ward 10 Dist 12,40.47735,-79.93505000000002,,0,0,0,0,0,0,0,0,0
Pittsburgh Ward 10 Dist 13,40.479200000000006,-79.94365000000002,,0,0,0,0,0,0,0,0,0
Pittsburgh Ward 10 Dist 14,40.4777,-79.93960000000001,,0,0,0,0,0,0,0,0,0
Pittsburgh Ward 10 Dist 15,40.47285,-79.9371,,0,0,0,0,0,0,0,0,0
Pittsburgh Ward 10 Dist 16,40.46995,-79.9366,,0,0,0,0,0,0,0,0,0
Pittsburgh Ward 10 Dist 17,40.46640000000001,-79.93785,,0,0,0,0,0,0,0,0,0
Pittsburgh Ward 10 Dist 18,40.4662,-79.9435,,0,0,0,0,0,0,0,0,0
Pittsburgh Ward 10 Dist 19,40.469500000000004,-79.94325,,0,0,0,0,0,0,0,0,0
Pittsburgh Ward 11 Dist 1,40.4746,-79.9237,,0,0,0,0,0,0,0,0,0
Pittsburgh Ward 11 Dist 2,40.4656,-79.93325000000002,,0,0,0,0,0,0,0,0,0
Pittsburgh Ward 11 Dist 3,40.46235,-79.9244,,0,0,0,0,0,0,0,0,0
Pittsburgh Ward 11 Dist 4,40.46755,-79.93075,,0,0,0,0,0,0,0,0,0
Pittsburgh Ward 11 Dist 5,40.470200000000006,-79.92975000000001,,0,0,0,0,0,0,0,0,0
Pittsburgh Ward 11 Dist 6,40.473,-79.92855,,0,0,0,0,0,0,0,0,0
Pittsburgh Ward 11 Dist 7,40.4774,-79.9255,,0,0,0,0,0,0,0,0,0
Pittsburgh Ward 11 Dist 8,40.47715000000001,-79.92125,,0,0,0,0,0,0,0,0,0
Pittsburgh Ward 11 Dist 9,40.4814,-79.91715,,0,0,0,0,0,0,0,0,0
Pittsburgh Ward 11 Dist 10,40.47585000000001,-79.91605000000001,,0,0,0,0,0,0,0,0,0
Pittsburgh Ward 11 Dist 11,40.472100000000005,-79.92275000000001,,0,0,0,0,0,0,0,0,0
Pittsburgh Ward 11 Dist 12,40.47110000000001,-79.91665,,0,0,0,0,0,0,0,0,0
Pittsburgh Ward 11 Dist 13,40.47085,-79.9144,,0,0,0,0,0,0,0,0,0
Pittsburgh Ward 11 Dist 14,40.46825,-79.91485,,0,0,0,0,0,0,0,0,0
Pittsburgh Ward 11 Dist 15,40.4626,-79.9194,,0,0,0,0,0,0,0,0,0
Pittsburgh Ward 11 Dist 16,40.4683,-79.92365000000001,,0,0,0,0,0,0,0,0,0
Pittsburgh Ward 11 Dist 17,40.46855000000001,-79.9264,,0,0,0,0,0,0,0,0,0
Pittsburgh Ward 11 Dist 18,40.46555000000001,-79.923,,0,0,0,0,0,0,0,0,0
Pittsburgh Ward 12 Dist 1,40.4583,-79.91245,,0,0,0,0,0,0,0,0,0
Pittsburgh Ward 12 Dist 2,40.462700000000005,-79.91050000000001,,0,0,0,0,0,0,0,0,0
Pittsburgh Ward 12 Dist 3,40.465250000000005,-79.91685000000001,,0,0,0,0,0,0,0,0,0
Pittsburgh Ward 12 Dist 4,40.46285,-79.91445000000002,,0,0,0,0,0,0,0,0,0
Pittsburgh Ward 12 Dist 5,40.466800000000006,-79.91230000000002,,0,0,0,0,0,0,0,0,0
Pittsburgh Ward 12 Dist 6,40.4645,-79.90950000000001,,0,0,0,0,0,0,0,0,0
Pittsburgh Ward 12 Dist 7,40.4637,-79.9025,,0,0,0,0,0,0,0,0,0
Pittsburgh Ward 12 Dist 8,40.4566,-79.90530000000001,,0,0,0,0,0,0,0,0,0
Pittsburgh Ward 12 Dist 9,40.460750000000004,-79.90365,,0,0,0,0,0,0,0,0,0
Pittsburgh Ward 12 Dist 10,40.46725000000001,-79.90485000000001,,0,0,0,0,0,0,0,0,0
Pittsburgh Ward 12 Dist 11,40.470800000000004,-79.90255000000002,,0,0,0,0,0,0,0,0,0
Pittsburgh Ward 12 Dist 12,40.4807,-79.89605,,0,0,0,0,0,0,0,0,0
Pittsburgh Ward 12 Dist 13,40.468450000000004,-79.89215000000002,,0,0,0,0,0,0,0,0,0
Pittsburgh Ward 12 Dist 14,40.4669,-79.89925000000001,,0,0,0,0,0,0,0,0,0
Pittsburgh Ward 12 Dist 15,40.464600000000004,-79.89330000000001,,0,0,0,0,0,0,0,0,0
Pittsburgh Ward 12 Dist 16,40.472750000000005,-79.8906,,0,0,0,0,0,0,0,0,0
Pittsburgh Ward 13 Dist 1,40.455400000000004,-79.89985000000001,,0,0,0,0,0,0,0,0,0
Pittsburgh Ward 13 Dist 2,40.45845,-79.89845,,0,0,0,0,0,0,0,0,0
Pittsburgh Ward 13 Dist 3,40.46065,-79.89755,,0,0,0,0,0,0,0,0,0
Pittsburgh Ward 13 Dist 4,40.46300000000001,-79.89710000000001,,0,0,0,0,0,0,0,0,0
Pittsburgh Ward 13 Dist 5,40.46065,-79.89185,,0,0,0,0,0,0,0,0,0
Pittsburgh Ward 13 Dist 6,40.45835,-79.89170000000001,,0,0,0,0,0,0,0,0,0
Pittsburgh Ward 13 Dist 7,40.45665,-79.89415,,0,0,0,0,0,0,0,0,0
Pittsburgh Ward 13 Dist 8,40.4529,-79.89565000000002,,0,0,0,0,0,0,0,0,0
Pittsburgh Ward 13 Dist 9,40.45525000000001,-79.89025000000001,,0,0,0,0,0,0,0,0,0
Pittsburgh Ward 13 Dist 10,40.451950000000004,-79.89245,,0,0,0,0,0,0,0,0,0
Pittsburgh Ward 13 Dist 11,40.4577,-79.88650000000001,,0,0,0,0,0,0,0,0,0
Pittsburgh Ward 13 Dist 12,40.45205,-79.8828,,0,0,0,0,0,0,0,0,0
Pittsburgh Ward 13 Dist 13,40.45230000000001,-79.88730000000001,,0,0,0,0,0,0,0,0,0
Pittsburgh Ward 13 Dist 14,40.44915,-79.8876,,0,0,0,0,0,0,0,0,0
Pittsburgh Ward 13 Dist 15,40.457550000000005,-79.88130000000001,,0,0,0,0,0,0,0,0,0
Pittsburgh Ward 13 Dist 16,40.45675,-79.8776,,0,0,0,0,0,0,0,0,0
Pittsburgh Ward 13 Dist 17,40.45685,-79.87255,,0,0,0,0,0,0,0,0,0
Pittsburgh Ward 13 Dist 18,40.45465,-79.86970000000001,,0,0,0,0,0,0,0,0,0
Pittsburgh Ward 13 Dist 19,40.4513,-79.87270000000001,,0,0,0,0,0,0,0,0,0
Pittsburgh Ward 14 Dist 1,40.44690000000001,-79.93395000000001,,0,0,0,0,0,0,0,0,0
Pittsburgh Ward 14 Dist 2,40.44585000000001,-79.94225,,0,0,0,0,0,0,0,0,0
Pittsburgh Ward 14 Dist 3,40.4459,-79.92695,,0,0,0,0,0,0,0,0,0
Pittsburgh Ward 14 Dist 4,40.4405,-79.92545000000001,,0,0,0,0,0,0,0,0,0
Pittsburgh Ward 14 Dist 5,40.44145,-79.93100000000001,,0,0,0,0,0,0,0,0,0
Pittsburgh Ward 14 Dist 6,40.4504,-79.92490000000001,,0,0,0,0,0,0,0,0,0
Pittsburgh Ward 14 Dist 7,40.4417,-79.94165000000001,,0,0,0,0,0,0,0,0,0
Pittsburgh Ward 14 Dist 8,40.44225,-79.93460000000002,,0,0,0,0,0,0,0,0,0
Pittsburgh Ward 14 Dist 9,40.448750000000004,-79.91810000000001,,0,0,0,0,0,0,0,0,0
Pittsburgh Ward 14 Dist 10,40.45140000000001,-79.91205000000001,,0,0,0,0,0,0,0,0,0
Pittsburgh Ward 14 Dist 11,40.4469,-79.91385,,0,0,0,0,0,0,0,0,0
Pittsburgh Ward 14 Dist 12,40.454100000000004,-79.9077,,0,0,0,0,0,0,0,0,0
Pittsburgh Ward 14 Dist 13,40.45185000000001,-79.90350000000001,,0,0,0,0,0,0,0,0,0
Pittsburgh Ward 14 Dist 14,40.448550000000004,-79.89920000000001,,0,0,0,0,0,0,0,0,0
Pittsburgh Ward 14 Dist 15,40.4446,-79.89765,,0,0,0,0,0,0,0,0,0
Pittsburgh Ward 14 Dist 16,40.449250000000006,-79.9073,,0,0,0,0,0,0,0,0,0
Pittsburgh Ward 14 Dist 17,40.443,-79.90675,,0,0,0,0,0,0,0,0,0
Pittsburgh Ward 14 Dist 18,40.43965,-79.89805000000001,,0,0,0,0,0,0,0,0,0
Pittsburgh Ward 14 Dist 19,40.431400000000004,-79.89625000000001,,0,0,0,0,0,0,0,0,0
Pittsburgh Ward 14 Dist 20,40.439550000000004,-79.91785000000002,,0,0,0,0,0,0,0,0,0
Pittsburgh Ward 14 Dist 21,40.4421,-79.9203,,0,0,0,0,0,0,0,0,0
Pittsburgh Ward 14 Dist 22,40.4431,-79.91485,,0,0,0,0,0,0,0,0,0
Pittsburgh Ward 14 Dist 23,40.43575,-79.91570000000002,,0,0,0,0,0,0,0,0,0
Pittsburgh Ward 14 Dist 24,40.428250000000006,-79.91760000000001,,0,0,0,0,0,0,0,0,0
Pittsburgh Ward 14 Dist 25,40.42495,-79.9118,,0,0,0,0,0,0,0,0,0
Pittsburgh Ward 14 Dist 26,40.432900000000004,-79.90745000000001,,0,0,0,0,0,0,0,0,0
Pittsburgh Ward 14 Dist 27,40.423100000000005,-79.90175,,0,0,0,0,0,0,0,0,0
Pittsburgh Ward 14 Dist 28,40.42045,-79.90725,,0,0,0,0,0,0,0,0,0
Pittsburgh Ward 14 Dist 29,40.425850000000004,-79.92155000000001,,0,0,0,0,0,0,0,0,0
Pittsburgh Ward 14 Dist 30,40.422650000000004,-79.92190000000001,,0,0,0,0,0,0,0,0,0
Pittsburgh Ward 14 Dist 31,40.4185,-79.91855000000001,,0,0,0,0,0,0,0,0,0
Pittsburgh Ward 14 Dist 32,40.4275,-79.9247,,0,0,0,0,0,0,0,0,0
Pittsburgh Ward 14 Dist 33,40.43095,-79.92065,,0,0,0,0,0,0,0,0,0
Pittsburgh Ward 14 Dist 34,40.43545,-79.92080000000001,,0,0,0,0,0,0,0,0,0
Pittsburgh Ward 14 Dist 35,40.4361,-79.92525,,0,0,0,0,0,0,0,0,0
Pittsburgh Ward 14 Dist 36,40.432900000000004,-79.92520000000002,,0,0,0,0,0,0,0,0,0
Pittsburgh Ward 14 Dist 37,40.429950000000005,-79.93050000000001,,0,0,0,0,0,0,0,0,0
Pittsburgh Ward 14 Dist 38,40.438100000000006,-79.93495,,0,0,0,0,0,0,0,0,0
Pittsburgh Ward 14 Dist 39,40.43365,-79.93205,,0,0,0,0,0,0,0,0,0
Pittsburgh Ward 14 Dist 40,40.43095,-79.93,,0,0,0,0,0,0,0,0,0
Pittsburgh Ward 14 Dist 41,40.4345,-79.94165000000001,,0,0,0,0,0,0,0,0,0
Pittsburgh Ward 15 Dist 1,40.415850000000006,-79.92450000000001,,0,0,0,0,0,0,0,0,0
Pittsburgh Ward 15 Dist 2,40.424800000000005,-79.92920000000001,,0,0,0,0,0,0,0,0,0
Pittsburgh Ward 15 Dist 3,40.419450000000005,-79.93375,,0,0,0,0,0,0,0,0,0
Pittsburgh Ward 15 Dist 4,40.4256,-79.93245,,0,0,0,0,0,0,0,0,0
Pittsburgh Ward 15 Dist 5,40.426700000000004,-79.93345000000001,,0,0,0,0,0,0,0,0,0
Pittsburgh Ward 15 Dist 6,40.421850000000006,-79.93475000000001,,0,0,0,0,0,0,0,0,0
Pittsburgh Ward 15 Dist 7,40.4226,-79.93880000000001,,0,0,0,0,0,0,0,0,0
Pittsburgh Ward 15 Dist 8,40.426500000000004,-79.94245000000001,,0,0,0,0,0,0,0,0,0
Pittsburgh Ward 15 Dist 9,40.42620000000001,-79.94890000000001,,0,0,0,0,0,0,0,0,0
Pittsburgh Ward 15 Dist 10,40.4221,-79.9431,,0,0,0,0,0,0,0,0,0
Pittsburgh Ward 15 Dist 11,40.42045,-79.94605000000001,,0,0,0,0,0,0,0,0,0
Pittsburgh Ward 15 Dist 12,40.41605,-79.93730000000001,,0,0,0,0,0,0,0,0,0
Pittsburgh Ward 15 Dist 13,40.4114,-79.94135,,0,0,0,0,0,0,0,0,0
Pittsburgh Ward 15 Dist 14,40.40115,-79.94105000000002,,0,0,0,0,0,0,0,0,0
Pittsburgh Ward 15 Dist 15,40.40695,-79.94805000000001,,0,0,0,0,0,0,0,0,0
Pittsburgh Ward 15 Dist 16,40.40945000000001,-79.93620000000001,,0,0,0,0,0,0,0,0,0
Pittsburgh Ward 15 Dist 17,40.41915,-79.94990000000001,,0,0,0,0,0,0,0,0,0
Pittsburgh Ward 15 Dist 18,40.40545,-79.94085000000001,,0,0,0,0,0,0,0,0,0
Pittsburgh Ward 15 Dist 19,40.404250000000005,-79.92880000000001,,0,0,0,0,0,0,0,0,0
Pittsburgh Ward 16 Dist 1,40.42855,-79.9735,,0,0,0,0,0,0,0,0,0
Pittsburgh Ward 16 Dist 2,40.429100000000005,-79.9682,,0,0,0,0,0,0,0,0,0
Pittsburgh Ward 16 Dist 3,40.4225,-79.96155,,0,0,0,0,0,0,0,0,0
Pittsburgh Ward 16 Dist 4,40.42035,-79.97590000000001,,0,0,0,0,0,0,0,0,0
Pittsburgh Ward 16 Dist 5,40.422200000000004,-79.97035000000001,,0,0,0,0,0,0,0,0,0
Pittsburgh Ward 16 Dist 6,40.419700000000006,-79.96860000000001,,0,0,0,0,0,0,0,0,0
Pittsburgh Ward 16 Dist 7,40.415600000000005,-79.97840000000001,,0,0,0,0,0,0,0,0,0
Pittsburgh Ward 16 Dist 8,40.4152,-79.95935,,0,0,0,0,0,0,0,0,0
Pittsburgh Ward 16 Dist 9,40.408950000000004,-79.97265000000002,,0,0,0,0,0,0,0,0,0
Pittsburgh Ward 16 Dist 10,40.41415000000001,-79.96620000000001,,0,0,0,0,0,0,0,0,0
Pittsburgh Ward 16 Dist 11,40.4144,-79.9734,,0,0,0,0,0,0,0,0,0
Pittsburgh Ward 17 Dist 1,40.43085000000001,-79.99625,,0,0,0,0,0,0,0,0,0
Pittsburgh Ward 17 Dist 2,40.42915000000001,-79.98825000000001,,0,0,0,0,0,0,0,0,0
Pittsburgh Ward 17 Dist 3,40.427150000000005,-79.98425,,0,0,0,0,0,0,0,0,0
Pittsburgh Ward 17 Dist 4,40.43075,-79.97885,,0,0,0,0,0,0,0,0,0
Pittsburgh Ward 17 Dist 5,40.4264,-79.97935000000001,,0,0,0,0,0,0,0,0,0
Pittsburgh Ward 17 Dist 6,40.42065,-79.98240000000001,,0,0,0,0,0,0,0,0,0
Pittsburgh Ward 17 Dist 7,40.422650000000004,-79.983,,0,0,0,0,0,0,0,0,0
Pittsburgh Ward 17 Dist 8,40.424400000000006,-79.98270000000001,,0,0,0,0,0,0,0,0,0
Pittsburgh Ward 18 Dist 1,40.40875,-80.00245000000001,,0,0,0,0,0,0,0,0,0
Pittsburgh Ward 18 Dist 2,40.4161,-80.00755000000001,,0,0,0,0,0,0,0,0,0
Pittsburgh Ward 18 Dist 3,40.418400000000005,-80.00245000000001,,0,0,0,0,0,0,0,0,0
Pittsburgh Ward 18 Dist 4,40.41615,-80.0006,,0,0,0,0,0,0,0,0,0
Pittsburgh Ward 18 Dist 5,40.4247,-80.001,,0,0,0,0,0,0,0,0,0
Pittsburgh Ward 18 Dist 6,40.4216,-79.99990000000001,,0,0,0,0,0,0,0,0,0
Pittsburgh Ward 18 Dist 7,40.42405000000001,-79.9993,,0,0,0,0,0,0,0,0,0
Pittsburgh Ward 18 Dist 8,40.42005,-79.9958,,0,0,0,0,0,0,0,0,0
Pittsburgh Ward 18 Dist 9,40.423700000000004,-79.99260000000001,,0,0,0,0,0,0,0,0,0
Pittsburgh Ward 18 Dist 10,40.42845,-79.9979,,0,0,0,0,0,0,0,0,0
Pittsburgh Ward 18 Dist 11,40.4203,-79.99165,,0,0,0,0,0,0,0,0,0
Pittsburgh Ward 19 Dist 1,40.439,-80.01750000000001,,0,0,0,0,0,0,0,0,0
Pittsburgh Ward 19 Dist 2,40.4354,-80.02455,,0,0,0,0,0,0,0,0,0
Pittsburgh Ward 19 Dist 3,40.43495,-80.01995,,0,0,0,0,0,0,0,0,0
Pittsburgh Ward 19 Dist 4,40.43695,-80.01620000000001,,0,0,0,0,0,0,0,0,0
Pittsburgh Ward 19 Dist 5,40.4339,-80.01355000000001,,0,0,0,0,0,0,0,0,0
Pittsburgh Ward 19 Dist 6,40.4328,-80.0096,,0,0,0,0,0,0,0,0,0
Pittsburgh Ward 19 Dist 7,40.429500000000004,-80.0048,,0,0,0,0,0,0,0,0,0
Pittsburgh Ward 19 Dist 8,40.4284,-80.0137,,0,0,0,0,0,0,0,0,0
Pittsburgh Ward 19 Dist 9,40.4272,-80.00980000000001,,0,0,0,0,0,0,0,0,0
Pittsburgh Ward 19 Dist 10,40.425450000000005,-80.00760000000001,,0,0,0,0,0,0,0,0,0
Pittsburgh Ward 19 Dist 11,40.421850000000006,-80.00805,,0,0,0,0,0,0,0,0,0
Pittsburgh Ward 19 Dist 12,40.4199,-80.02215000000001,,0,0,0,0,0,0,0,0,0
Pittsburgh Ward 19 Dist 13,40.42315000000001,-80.0155,,0,0,0,0,0,0,0,0,0
Pittsburgh Ward 19 Dist 14,40.414950000000005,-80.01465,,0,0,0,0,0,0,0,0,0
Pittsburgh Ward 19 Dist 15,40.41330000000001,-80.01735,,0,0,0,0,0,0,0,0,0
Pittsburgh Ward 19 Dist 16,40.413850000000004,-80.02265000000001,,0,0,0,0,0,0,0,0,0
Pittsburgh Ward 19 Dist 17,40.41335000000001,-80.02780000000001,,0,0,0,0,0,0,0,0,0
Pittsburgh Ward 19 Dist 18,40.40820000000001,-80.02780000000001,,0,0,0,0,0,0,0,0,0
Pittsburgh Ward 19 Dist 19,40.408,-80.02125000000001,,0,0,0,0,0,0,0,0,0
Pittsburgh Ward 19 Dist 20,40.403400000000005,-80.02360000000002,,0,0,0,0,0,0,0,0,0
Pittsburgh Ward 19 Dist 21,40.40375,-80.0298,,0,0,0,0,0,0,0,0,0
Pittsburgh Ward 19 Dist 22,40.400000000000006,-80.0284,,0,0,0,0,0,0,0,0,0
Pittsburgh Ward 19 Dist 23,40.40055,-80.0215,,0,0,0,0,0,0,0,0,0
Pittsburgh Ward 19 Dist 24,40.394800000000004,-80.0274,,0,0,0,0,0,0,0,0,0
Pittsburgh Ward 19 Dist 25,40.3918,-80.02385000000001,,0,0,0,0,0,0,0,0,0
Pittsburgh Ward 19 Dist 26,40.390600000000006,-80.02035000000001,,0,0,0,0,0,0,0,0,0
Pittsburgh Ward 19 Dist 27,40.390350000000005,-80.01320000000001,,0,0,0,0,0,0,0,0,0
Pittsburgh Ward 19 Dist 28,40.430400000000006,-80.01715,,0,0,0,0,0,0,0,0,0
Pittsburgh Ward 19 Dist 29,40.3888,-80.018,,0,0,0,0,0,0,0,0,0
Pittsburgh Ward 19 Dist 30,40.3865,-80.01385,,0,0,0,0,0,0,0,0,0
Pittsburgh Ward 19 Dist 31,40.396300000000004,-80.01140000000001,,0,0,0,0,0,0,0,0,0
Pittsburgh Ward 19 Dist 32,40.396300000000004,-80.01965000000001,,0,0,0,0,0,0,0,0,0
Pittsburgh Ward 19 Dist 33,40.3981,-80.01075,,0,0,0,0,0,0,0,0,0
Pittsburgh Ward 19 Dist 34,40.399950000000004,-80.0154,,0,0,0,0,0,0,0,0,0
Pittsburgh Ward 19 Dist 35,40.40395000000001,-80.01415,,0,0,0,0,0,0,0,0,0
Pittsburgh Ward 19 Dist 36,40.4076,-80.01050000000001,,0,0,0,0,0,0,0,0,0
Pittsburgh Ward 19 Dist 37,40.387100000000004,-80.0108,,0,0,0,0,0,0,0,0,0
Pittsburgh Ward 19 Dist 38,40.3947,-80.02170000000001,,0,0,0,0,0,0,0,0,0
Pittsburgh Ward 20 Dist 1,40.41075000000001,-80.0352,,0,0,0,0,0,0,0,0,0
Pittsburgh Ward 20 Dist 2,40.42530000000001,-80.02360000000002,,0,0,0,0,0,0,0,0,0
Pittsburgh Ward 20 Dist 3,40.431000000000004,-80.033,,0,0,0,0,0,0,0,0,0
Pittsburgh Ward 20 Dist 4,40.44290000000001,-80.03155000000001,,0,0,0,0,0,0,0,0,0
Pittsburgh Ward 20 Dist 5,40.439800000000005,-80.0413,,0,0,0,0,0,0,0,0,0
Pittsburgh Ward 20 Dist 6,40.44500000000001,-80.0356,,0,0,0,0,0,0,0,0,0
Pittsburgh Ward 20 Dist 7,40.45275000000001,-80.05045000000001,,0,0,0,0,0,0,0,0,0
Pittsburgh Ward 20 Dist 8,40.44735,-80.04090000000001,,0,0,0,0,0,0,0,0,0
Pittsburgh Ward 20 Dist 9,40.45745,-80.04520000000001,,0,0,0,0,0,0,0,0,0
Pittsburgh Ward 20 Dist 10,40.458200000000005,-80.05465000000001,,0,0,0,0,0,0,0,0,0
Pittsburgh Ward 20 Dist 11,40.4547,-80.04775000000001,,0,0,0,0,0,0,0,0,0
Pittsburgh Ward 20 Dist 12,40.4581,-80.0609,,0,0,0,0,0,0,0,0,0
Pittsburgh Ward 20 Dist 13,40.458200000000005,-80.0703,,0,0,0,0,0,0,0,0,0
Pittsburgh Ward 20 Dist 14,40.453,-80.06555,,0,0,0,0,0,0,0,0,0
Pittsburgh Ward 20 Dist 15,40.420350000000006,-80.03495000000001,,0,0,0,0,0,0,0,0,0
Pittsburgh Ward 20 Dist 16,40.407450000000004,-80.04005000000001,,0,0,0,0,0,0,0,0,0
Pittsburgh Ward 20 Dist 17,40.40405,-80.04500000000002,,0,0,0,0,0,0,0,0,0
Pittsburgh Ward 20 Dist 18,40.402550000000005,-80.04375000000002,,0,0,0,0,0,0,0,0,0
Pittsburgh Ward 21 Dist 1,40.45975,-80.02620000000002,,0,0,0,0,0,0,0,0,0
Pittsburgh Ward 21 Dist 2,40.456450000000004,-80.02610000000001,,0,0,0,0,0,0,0,0,0
Pittsburgh Ward 21 Dist 3,40.454600000000006,-80.023,,0,0,0,0,0,0,0,0,0
Pittsburgh Ward 21 Dist 4,40.4525,-80.0267,,0,0,0,0,0,0,0,0,0
Pittsburgh Ward 22 Dist 1,40.453050000000005,-80.01675,,0,0,0,0,0,0,0,0,0
Pittsburgh Ward 22 Dist 2,40.455650000000006,-80.012,,0,0,0,0,0,0,0,0,0
Pittsburgh Ward 22 Dist 3,40.45055000000001,-80.00995,,0,0,0,0,0,0,0,0,0
Pittsburgh Ward 22 Dist 4,40.450900000000004,-80.00390000000002,,0,0,0,0,0,0,0,0,0
Pittsburgh Ward 23 Dist 1,40.45215,-79.99345000000001,,0,0,0,0,0,0,0,0,0
Pittsburgh Ward 23 Dist 2,40.45575,-79.9997,,0,0,0,0,0,0,0,0,0
Pittsburgh Ward 23 Dist 3,40.45755,-79.9954,,0,0,0,0,0,0,0,0,0
Pittsburgh Ward 24 Dist 1,40.46215000000001,-79.99605000000001,,0,0,0,0,0,0,0,0,0
Pittsburgh Ward 24 Dist 2,40.46385000000001,-79.99235,,0,0,0,0,0,0,0,0,0
Pittsburgh Ward 24 Dist 3,40.46195,-79.99000000000001,,0,0,0,0,0,0,0,0,0
Pittsburgh Ward 24 Dist 4,40.46235,-79.98265,,0,0,0,0,0,0,0,0,0
Pittsburgh Ward 24 Dist 5,40.46040000000001,-79.98840000000001,,0,0,0,0,0,0,0,0,0
Pittsburgh Ward 24 Dist 6,40.46735,-79.97595000000001,,0,0,0,0,0,0,0,0,0
Pittsburgh Ward 25 Dist 1,40.459,-80.00605000000002,,0,0,0,0,0,0,0,0,0
Pittsburgh Ward 25 Dist 2,40.460300000000004,-80.01155,,0,0,0,0,0,0,0,0,0
Pittsburgh Ward 25 Dist 3,40.45795,-80.01410000000001,,0,0,0,0,0,0,0,0,0
Pittsburgh Ward 25 Dist 4,40.4598,-80.0178,,0,0,0,0,0,0,0,0,0
Pittsburgh Ward 25 Dist 5,40.46255000000001,-80.01425,,0,0,0,0,0,0,0,0,0
Pittsburgh Ward 25 Dist 6,40.4626,-80.00900000000001,,0,0,0,0,0,0,0,0,0
Pittsburgh Ward 25 Dist 7,40.4619,-80.00415000000001,,0,0,0,0,0,0,0,0,0
Pittsburgh Ward 26 Dist 1,40.470850000000006,-80.0146,,0,0,0,0,0,0,0,0,0
Pittsburgh Ward 26 Dist 2,40.468500000000006,-80.013,,0,0,0,0,0,0,0,0,0
Pittsburgh Ward 26 Dist 3,40.46625,-80.0126,,0,0,0,0,0,0,0,0,0
Pittsburgh Ward 26 Dist 4,40.471050000000005,-80.00505000000001,,0,0,0,0,0,0,0,0,0
Pittsburgh Ward 26 Dist 5,40.477650000000004,-80.00385,,0,0,0,0,0,0,0,0,0
Pittsburgh Ward 26 Dist 6,40.47625000000001,-79.99895000000001,,0,0,0,0,0,0,0,0,0
Pittsburgh Ward 26 Dist 7,40.468,-80.0199,,0,0,0,0,0,0,0,0,0
Pittsburgh Ward 26 Dist 8,40.47,-79.99730000000001,,0,0,0,0,0,0,0,0,0
Pittsburgh Ward 26 Dist 9,40.46955,-79.99415,,0,0,0,0,0,0,0,0,0
Pittsburgh Ward 26 Dist 10,40.475750000000005,-80.01185000000001,,0,0,0,0,0,0,0,0,0
Pittsburgh Ward 26 Dist 11,40.4808,-80.01095000000001,,0,0,0,0,0,0,0,0,0
Pittsburgh Ward 26 Dist 12,40.483450000000005,-80.0199,,0,0,0,0,0,0,0,0,0
Pittsburgh Ward 26 Dist 13,40.49365,-80.02215000000001,,0,0,0,0,0,0,0,0,0
Pittsburgh Ward 26 Dist 14,40.491350000000004,-80.00785,,0,0,0,0,0,0,0,0,0
Pittsburgh Ward 26 Dist 15,40.49465000000001,-80.01535000000001,,0,0,0,0,0,0,0,0,0
Pittsburgh Ward 26 Dist 16,40.48755,-80.0139,,0,0,0,0,0,0,0,0,0
Pittsburgh Ward 26 Dist 17,40.47175,-79.98945,,0,0,0,0,0,0,0,0,0
Pittsburgh Ward 27 Dist 1,40.48625,-80.03075000000001,,0,0,0,0,0,0,0,0,0
Pittsburgh Ward 27 Dist 2,40.4879,-80.03815,,0,0,0,0,0,0,0,0,0
Pittsburgh Ward 27 Dist 3,40.48675,-80.0417,,0,0,0,0,0,0,0,0,0
Pittsburgh Ward 27 Dist 4,40.48315,-80.04575,,0,0,0,0,0,0,0,0,0
Pittsburgh Ward 27 Dist 5,40.4833,-80.03720000000001,,0,0,0,0,0,0,0,0,0
Pittsburgh Ward 27 Dist 6,40.47825,-80.03960000000001,,0,0,0,0,0,0,0,0,0
Pittsburgh Ward 27 Dist 7,40.47930000000001,-80.03385,,0,0,0,0,0,0,0,0,0
Pittsburgh Ward 27 Dist 8,40.4787,-80.02780000000001,,0,0,0,0,0,0,0,0,0
Pittsburgh Ward 27 Dist 9,40.47345,-80.02445,,0,0,0,0,0,0,0,0,0
Pittsburgh Ward 27 Dist 10,40.46835,-80.0292,,0,0,0,0,0,0,0,0,0
Pittsburgh Ward 27 Dist 11,40.46905000000001,-80.0336,,0,0,0,0,0,0,0,0,0
Pittsburgh Ward 27 Dist 12,40.47225,-80.0418,,0,0,0,0,0,0,0,0,0
Pittsburgh Ward 27 Dist 13,40.4613,-80.0343,,0,0,0,0,0,0,0,0,0
Pittsburgh Ward 28 Dist 1,40.4224,-80.07585,,0,0,0,0,0,0,0,0,0
Pittsburgh Ward 28 Dist 2,40.42745,-80.06075000000001,,0,0,0,0,0,0,0,0,0
Pittsburgh Ward 28 Dist 3,40.432,-80.04735,,0,0,0,0,0,0,0,0,0
Pittsburgh Ward 28 Dist 4,40.4337,-80.05420000000001,,0,0,0,0,0,0,0,0,0
Pittsburgh Ward 28 Dist 5,40.439400000000006,-80.05535,,0,0,0,0,0,0,0,0,0
Pittsburgh Ward 28 Dist 6,40.44185,-80.05115,,0,0,0,0,0,0,0,0,0
Pittsburgh Ward 28 Dist 7,40.4465,-80.05020000000002,,0,0,0,0,0,0,0,0,0
Pittsburgh Ward 28 Dist 8,40.449850000000005,-80.06620000000001,,0,0,0,0,0,0,0,0,0
Pittsburgh Ward 28 Dist 9,40.458200000000005,-80.084,,0,0,0,0,0,0,0,0,0
Pittsburgh Ward 28 Dist 10,40.45,-80.07555,,0,0,0,0,0,0,0,0,0
Pittsburgh Ward 28 Dist 11,40.449400000000004,-80.08395,,0,0,0,0,0,0,0,0,0
Pittsburgh Ward 29 Dist 1,40.399100000000004,-79.99395000000001,,0,0,0,0,0,0,0,0,0
Pittsburgh Ward 29 Dist 2,40.395900000000005,-79.9829,,0,0,0,0,0,0,0,0,0
Pittsburgh Ward 29 Dist 3,40.39385,-79.9812,,0,0,0,0,0,0,0,0,0
Pittsburgh Ward 29 Dist 4,40.3888,-79.97705000000002,,0,0,0,0,0,0,0,0,0
Pittsburgh Ward 29 Dist 5,40.389450000000004,-79.98275000000001,,0,0,0,0,0,0,0,0,0
Pittsburgh Ward 29 Dist 6,40.3866,-79.98420000000002,,0,0,0,0,0,0,0,0,0
Pittsburgh Ward 29 Dist 7,40.382600000000004,-79.9822,,0,0,0,0,0,0,0,0,0
Pittsburgh Ward 29 Dist 8,40.40495,-79.98895,,0,0,0,0,0,0,0,0,0
Pittsburgh Ward 29 Dist 9,40.3925,-79.98915000000001,,0,0,0,0,0,0,0,0,0
Pittsburgh Ward 29 Dist 10,40.39045,-79.9915,,0,0,0,0,0,0,0,0,0
Pittsburgh Ward 29 Dist 11,40.40355000000001,-79.98315000000001,,0,0,0,0,0,0,0,0,0
Pittsburgh Ward 29 Dist 12,40.3994,-79.98410000000001,,0,0,0,0,0,0,0,0,0
Pittsburgh Ward 30 Dist 1,40.41715000000001,-79.99065,,0,0,0,0,0,0,0,0,0
Pittsburgh Ward 30 Dist 2,40.416450000000005,-79.99515000000001,,0,0,0,0,0,0,0,0,0
Pittsburgh Ward 30 Dist 3,40.41395,-79.99055000000001,,0,0,0,0,0,0,0,0,0
Pittsburgh Ward 30 Dist 4,40.4121,-79.99335,,0,0,0,0,0,0,0,0,0
Pittsburgh Ward 30 Dist 5,40.409850000000006,-79.99385000000001,,0,0,0,0,0,0,0,0,0
Pittsburgh Ward 31 Dist 1,40.391400000000004,-79.94565,,0,0,0,0,0,0,0,0,0
Pittsburgh Ward 31 Dist 2,40.38655,-79.92125000000001,,0,0,0,0,0,0,0,0,0
Pittsburgh Ward 31 Dist 3,40.373050000000006,-79.91625,,0,0,0,0,0,0,0,0,0
Pittsburgh Ward 31 Dist 4,40.3665,-79.91555000000001,,0,0,0,0,0,0,0,0,0
Pittsburgh Ward 31 Dist 5,40.37915,-79.91615,,0,0,0,0,0,0,0,0,0
Pittsburgh Ward 31 Dist 6,40.36670000000001,-79.9073,,0,0,0,0,0,0,0,0,0
Pittsburgh Ward 31 Dist 7,40.3939,-79.92060000000001,,0,0,0,0,0,0,0,0,0
Pittsburgh Ward 32 Dist 1,40.3788,-79.99810000000001,,0,0,0,0,0,0,0,0,0
Pittsburgh Ward 32 Dist 2,40.3836,-79.98995000000001,,0,0,0,0,0,0,0,0,0
Pittsburgh Ward 32 Dist 3,40.3915,-79.9949,,0,0,0,0,0,0,0,0,0
Pittsburgh Ward 32 Dist 4,40.39895,-80.00275,,0,0,0,0,0,0,0,0,0
Pittsburgh Ward 32 Dist 5,40.389700000000005,-80.00305,,0,0,0,0,0,0,0,0,0
Pittsburgh Ward 32 Dist 6,40.383500000000005,-80.00055,,0,0,0,0,0,0,0,0,0
Pittsburgh Ward 32 Dist 7,40.3938,-80.00955000000002,,0,0,0,0,0,0,0,0,0
Pittsburgh Ward 32 Dist 8,40.3864,-80.00585000000001,,0,0,0,0,0,0,0,0,0
Pleasant Hl Dist 1,40.33625000000001,-79.96820000000001,,0,0,0,0,0,0,0,0,0
Pleasant Hl Dist 2,40.331250000000004,-79.9734,,0,0,0,0,0,0,0,0,0
Pleasant Hl Dist 3,40.334300000000006,-79.95635000000001,,0,0,0,0,0,0,0,0,0
Pleasant Hl Dist 4,40.341300000000004,-79.95955000000001,,0,0,0,0,0,0,0,0,0
Pleasant Hl Dist 5,40.3275,-79.94445000000002,,0,0,0,0,0,0,0,0,0
Pleasant Hl Dist 6,40.32365,-79.9495,,0,0,0,0,0,0,0,0,0
Pleasant Hl Dist 7,40.33410000000001,-79.95785000000001,,0,0,0,0,0,0,0,0,0
Pleasant Hl Dist 8,40.3235,-79.96015000000001,,0,0,0,0,0,0,0,0,0
Pleasant Hl Dist 9,40.32945000000001,-79.96110000000002,,0,0,0,0,0,0,0,0,0
Pleasant Hl Dist 10,40.3248,-79.96785,,0,0,0,0,0,0,0,0,0
Plum Dist 1,40.52095,-79.78045,,0,0,0,0,0,0,0,0,0
Plum Dist 2,40.53515,-79.76635000000002,,0,0,0,0,0,0,0,0,0
Plum Dist 3,40.5234,-79.80785,,0,0,0,0,0,0,0,0,0
Plum Dist 4,40.4859,-79.76515,,0,0,0,0,0,0,0,0,0
Plum Dist 5,40.46595000000001,-79.74555000000001,,0,0,0,0,0,0,0,0,0
Plum Dist 6,40.486000000000004,-79.7509,,0,0,0,0,0,0,0,0,0
Plum Dist 7,40.47095,-79.77005,,0,0,0,0,0,0,0,0,0
Plum Dist 8,40.48245,-79.7082,,0,0,0,0,0,0,0,0,0
Plum Dist 9,40.48055000000001,-79.71455,,0,0,0,0,0,0,0,0,0
Plum Dist 10,40.469550000000005,-79.7094,,0,0,0,0,0,0,0,0,0
Plum Dist 11,40.471450000000004,-79.7163,,0,0,0,0,0,0,0,0,0
Plum Dist 12,40.46425000000001,-79.7248,,0,0,0,0,0,0,0,0,0
Plum Dist 13,40.45955000000001,-79.71610000000001,,0,0,0,0,0,0,0,0,0
Plum Dist 14,40.46210000000001,-79.7116,,0,0,0,0,0,0,0,0,0
Plum Dist 15,40.45365,-79.70855,,0,0,0,0,0,0,0,0,0
Plum Dist 16,40.4765,-79.7048,,0,0,0,0,0,0,0,0,0
Plum Dist 17,40.483450000000005,-79.77615,,0,0,0,0,0,0,0,0,0
Plum Dist 18,40.49705,-79.76915000000001,,0,0,0,0,0,0,0,0,0
Plum Dist 19,40.50970000000001,-79.75880000000001,,0,0,0,0,0,0,0,0,0
Plum Dist 20,40.49165000000001,-79.7275,,0,0,0,0,0,0,0,0,0
Plum Dist 21,40.5138,-79.72935000000001,,0,0,0,0,0,0,0,0,0
Port Vue Dist 1,40.335750000000004,-79.86495,,0,0,0,0,0,0,0,0,0
Port Vue Dist 2,40.33540000000001,-79.87235000000001,,0,0,0,0,0,0,0,0,0
Port Vue Dist 3,40.3342,-79.87810000000002,,0,0,0,0,0,0,0,0,0
Port Vue Dist 4,40.3442,-79.87535,,0,0,0,0,0,0,0,0,0
Rankin Ward 1,40.411150000000006,-79.88380000000001,,0,0,0,0,0,0,0,0,0
Rankin Ward 2,40.41330000000001,-79.87895,,0,0,0,0,0,0,0,0,0
Rankin Ward 3,40.40905000000001,-79.87620000000001,,0,0,0,0,0,0,0,0,0
Reserve Ward 1,40.472550000000005,-79.97900000000001,,0,0,0,0,0,0,0,0,0
Reserve Ward 2,40.47845000000001,-79.98610000000001,,0,0,0,0,0,0,0,0,0
Reserve Ward 3,40.49055,-79.98570000000001,,0,0,0,0,0,0,0,0,0
Reserve Ward 4,40.48465,-79.99795,,0,0,0,0,0,0,0,0,0
Richland Dist 1,40.6606,-79.94205000000001,,0,0,0,0,0,0,0,0,0
Richland Dist 2,40.640100000000004,-79.93075,,0,0,0,0,0,0,0,0,0
Richland Dist 3,40.62435000000001,-79.93370000000002,,0,0,0,0,0,0,0,0,0
Richland Dist 4,40.62610000000001,-79.9331,,0,0,0,0,0,0,0,0,0
Richland Dist 5,40.6417,-79.94885000000001,,0,0,0,0,0,0,0,0,0
Richland Dist 6,40.62415,-79.9553,,0,0,0,0,0,0,0,0,0
Richland Dist 7,40.63185,-79.97255000000001,,0,0,0,0,0,0,0,0,0
Richland Dist 8,40.6542,-79.9744,,0,0,0,0,0,0,0,0,0
Robinson Dist 1,40.42805,-80.10115,,0,0,0,0,0,0,0,0,0
Robinson Dist 2,40.462050000000005,-80.13210000000001,,0,0,0,0,0,0,0,0,0
Robinson Dist 3,40.49940000000001,-80.14350000000002,,0,0,0,0,0,0,0,0,0
Robinson Dist 4,40.44995,-80.1113,,0,0,0,0,0,0,0,0,0
Robinson Dist 5,40.495050000000006,-80.12800000000001,,0,0,0,0,0,0,0,0,0
Robinson Dist 6,40.45545,-80.15305000000001,,0,0,0,0,0,0,0,0,0
Robinson Dist 7,40.474050000000005,-80.12540000000001,,0,0,0,0,0,0,0,0,0
Robinson Dist 8,40.43605,-80.14425,,0,0,0,0,0,0,0,0,0
Robinson Dist 9,40.4765,-80.14410000000001,,0,0,0,0,0,0,0,0,0
Ross Ward 1 Dist 1,40.523950000000006,-79.99905000000001,,0,0,0,0,0,0,0,0,0
Ross Ward 1 Dist 2,40.5183,-79.99045000000001,,0,0,0,0,0,0,0,0,0
Ross Ward 1 Dist 3,40.51010000000001,-79.99690000000001,,0,0,0,0,0,0,0,0,0
Ross Ward 1 Dist 4,40.51905000000001,-79.9992,,0,0,0,0,0,0,0,0,0
Ross Ward 2 Dist 1,40.53985,-80.00605,,0,0,0,0,0,0,0,0,0
Ross Ward 2 Dist 2,40.53835,-79.99495,,0,0,0,0,0,0,0,0,0
Ross Ward 2 Dist 3,40.535250000000005,-79.99950000000001,,0,0,0,0,0,0,0,0,0
Ross Ward 3 Dist 1,40.53450000000001,-80.02945,,0,0,0,0,0,0,0,0,0
Ross Ward 3 Dist 2,40.52655,-80.02885,,0,0,0,0,0,0,0,0,0
Ross Ward 3 Dist 3,40.5307,-80.0224,,0,0,0,0,0,0,0,0,0
Ross Ward 3 Dist 4,40.52145,-80.0189,,0,0,0,0,0,0,0,0,0
Ross Ward 4 Dist 1,40.516400000000004,-80.055,,0,0,0,0,0,0,0,0,0
Ross Ward 4 Dist 2,40.527300000000004,-80.05165000000001,,0,0,0,0,0,0,0,0,0
Ross Ward 4 Dist 3,40.5423,-80.05745,,0,0,0,0,0,0,0,0,0
Ross Ward 4 Dist 4,40.545950000000005,-80.0473,,0,0,0,0,0,0,0,0,0
Ross Ward 5 Dist 1,40.53735,-80.0273,,0,0,0,0,0,0,0,0,0
Ross Ward 5 Dist 2,40.54305,-80.0308,,0,0,0,0,0,0,0,0,0
Ross Ward 5 Dist 3,40.541050000000006,-80.04350000000001,,0,0,0,0,0,0,0,0,0
Ross Ward 5 Dist 4,40.533300000000004,-80.04115,,0,0,0,0,0,0,0,0,0
Ross Ward 6 Dist 1,40.5095,-80.05170000000001,,0,0,0,0,0,0,0,0,0
Ross Ward 6 Dist 2,40.5114,-80.039,,0,0,0,0,0,0,0,0,0
Ross Ward 6 Dist 3,40.50065000000001,-80.04410000000001,,0,0,0,0,0,0,0,0,0
Ross Ward 6 Dist 4,40.494150000000005,-80.0395,,0,0,0,0,0,0,0,0,0
Ross Ward 7 Dist 1,40.5022,-79.9993,,0,0,0,0,0,0,0,0,0
Ross Ward 7 Dist 2,40.507850000000005,-80.0163,,0,0,0,0,0,0,0,0,0
Ross Ward 7 Dist 3,40.5039,-80.02985000000001,,0,0,0,0,0,0,0,0,0
Ross Ward 7 Dist 4,40.49600000000001,-80.0332,,0,0,0,0,0,0,0,0,0
Ross Ward 8 Dist 1,40.541250000000005,-80.02255000000001,,0,0,0,0,0,0,0,0,0
Ross Ward 8 Dist 2,40.54825,-80.02255,,0,0,0,0,0,0,0,0,0
Ross Ward 8 Dist 3,40.52575,-80.01305,,0,0,0,0,0,0,0,0,0
Ross Ward 9 Dist 1,40.54865,-79.994,,0,0,0,0,0,0,0,0,0
Ross Ward 9 Dist 2,40.5505,-80.0335,,0,0,0,0,0,0,0,0,0
Ross Ward 9 Dist 3,40.551050000000004,-80.00930000000001,,0,0,0,0,0,0,0,0,0
Rosslyn Farms,40.422850000000004,-80.0871,,0,0,0,0,0,0,0,0,0
Scott Ward 1 Dist 1,40.39715,-80.09345000000002,,0,0,0,0,0,0,0,0,0
Scott Ward 1 Dist 2,40.39875000000001,-80.08905000000001,,0,0,0,0,0,0,0,0,0
Scott Ward 2 Dist 1,40.38815,-80.07520000000001,,0,0,0,0,0,0,0,0,0
Scott Ward 2 Dist 2,40.384550000000004,-80.0797,,0,0,0,0,0,0,0,0,0
Scott Ward 3 Dist 1,40.36925000000001,-80.09305,,0,0,0,0,0,0,0,0,0
Scott Ward 3 Dist 2,40.368750000000006,-80.08955,,0,0,0,0,0,0,0,0,0
Scott Ward 4 Dist 1,40.3708,-80.0823,,0,0,0,0,0,0,0,0,0
Scott Ward 4 Dist 2,40.3656,-80.0798,,0,0,0,0,0,0,0,0,0
Scott Ward 5 Dist 1,40.3888,-80.087,,0,0,0,0,0,0,0,0,0
Scott Ward 5 Dist 2,40.395300000000006,-80.07495,,0,0,0,0,0,0,0,0,0
Scott Ward 6 Dist 1,40.40050000000001,-80.06185,,0,0,0,0,0,0,0,0,0
Scott Ward 6 Dist 2,40.409200000000006,-80.07055,,0,0,0,0,0,0,0,0,0
Scott Ward 7 Dist 1,40.3951,-80.06045,,0,0,0,0,0,0,0,0,0
Scott Ward 7 Dist 2,40.39645,-80.07065,,0,0,0,0,0,0,0,0,0
Scott Ward 8 Dist 1,40.38015,-80.07475,,0,0,0,0,0,0,0,0,0
Scott Ward 8 Dist 2,40.3776,-80.08225000000002,,0,0,0,0,0,0,0,0,0
Scott Ward 9 Dist 1,40.401700000000005,-80.05535,,0,0,0,0,0,0,0,0,0
Scott Ward 9 Dist 2,40.39975,-80.05925,,0,0,0,0,0,0,0,0,0
Sewickley Ward 1,40.5416,-80.16905,,0,0,0,0,0,0,0,0,0
Sewickley Ward 2 Dist 1,40.54545,-80.18020000000001,,0,0,0,0,0,0,0,0,0
Sewickley Ward 2 Dist 2,40.540850000000006,-80.18725,,0,0,0,0,0,0,0,0,0
Sewickley Ward 3,40.53620000000001,-80.18520000000001,,0,0,0,0,0,0,0,0,0
Sewickley Hts,40.5604,-80.15235000000001,,0,0,0,0,0,0,0,0,0
Sewickley Hills,40.562250000000006,-80.13285,,0,0,0,0,0,0,0,0,0
Shaler Ward 1 Dist 1,40.49625,-79.9594,,0,0,0,0,0,0,0,0,0
Shaler Ward 1 Dist 2,40.4849,-79.9621,,0,0,0,0,0,0,0,0,0
Shaler Ward 1 Dist 3,40.49815,-79.95455000000001,,0,0,0,0,0,0,0,0,0
Shaler Ward 1 Dist 4,40.496750000000006,-79.96975,,0,0,0,0,0,0,0,0,0
Shaler Ward 1 Dist 5,40.489850000000004,-79.96530000000001,,0,0,0,0,0,0,0,0,0
Shaler Ward 2 Dist 1,40.51140000000001,-79.98095,,0,0,0,0,0,0,0,0,0
Shaler Ward 2 Dist 2,40.51195,-79.97705,,0,0,0,0,0,0,0,0,0
Shaler Ward 2 Dist 3,40.498850000000004,-79.9788,,0,0,0,0,0,0,0,0,0
Shaler Ward 2 Dist 4,40.51140000000001,-79.96470000000001,,0,0,0,0,0,0,0,0,0
Shaler Ward 2 Dist 5,40.50845,-79.95580000000001,,0,0,0,0,0,0,0,0,0
Shaler Ward 3 Dist 1,40.53705,-79.94365,,0,0,0,0,0,0,0,0,0
Shaler Ward 3 Dist 2,40.54525,-79.9426,,0,0,0,0,0,0,0,0,0
Shaler Ward 3 Dist 3,40.54905,-79.95060000000001,,0,0,0,0,0,0,0,0,0
Shaler Ward 3 Dist 4,40.54050000000001,-79.95875000000001,,0,0,0,0,0,0,0,0,0
Shaler Ward 3 Dist 5,40.540000000000006,-79.94930000000001,,0,0,0,0,0,0,0,0,0
Shaler Ward 4 Dist 1,40.529700000000005,-79.9597,,0,0,0,0,0,0,0,0,0
Shaler Ward 4 Dist 2,40.520250000000004,-79.96395000000001,,0,0,0,0,0,0,0,0,0
Shaler Ward 4 Dist 3,40.5386,-79.97030000000001,,0,0,0,0,0,0,0,0,0
Shaler Ward 4 Dist 4,40.5431,-79.96965,,0,0,0,0,0,0,0,0,0
Shaler Ward 4 Dist 5,40.522800000000004,-79.95515,,0,0,0,0,0,0,0,0,0
Shaler Ward 5 Dist 1,40.527800000000006,-79.9767,,0,0,0,0,0,0,0,0,0
Shaler Ward 5 Dist 2,40.5384,-79.98260000000002,,0,0,0,0,0,0,0,0,0
Shaler Ward 5 Dist 3,40.5281,-79.96695,,0,0,0,0,0,0,0,0,0
Shaler Ward 5 Dist 4,40.52205000000001,-79.98400000000001,,0,0,0,0,0,0,0,0,0
Shaler Ward 5 Dist 5,40.5307,-79.98345,,0,0,0,0,0,0,0,0,0
Shaler Ward 6 Dist 1,40.55055,-79.96545,,0,0,0,0,0,0,0,0,0
Shaler Ward 6 Dist 2,40.55075000000001,-79.974,,0,0,0,0,0,0,0,0,0
Shaler Ward 6 Dist 3,40.54690000000001,-79.98295000000002,,0,0,0,0,0,0,0,0,0
Shaler Ward 6 Dist 4,40.5509,-79.953,,0,0,0,0,0,0,0,0,0
Shaler Ward 6 Dist 5,40.549350000000004,-79.9844,,0,0,0,0,0,0,0,0,0
Shaler Ward 7 Dist 1,40.50790000000001,-79.94085000000001,,0,0,0,0,0,0,0,0,0
Shaler Ward 7 Dist 2,40.512550000000005,-79.95485000000001,,0,0,0,0,0,0,0,0,0
Shaler Ward 7 Dist 3,40.51955,-79.94745,,0,0,0,0,0,0,0,0,0
Shaler Ward 7 Dist 4,40.52235,-79.94905,,0,0,0,0,0,0,0,0,0
Sharpsburg Dist 1,40.494150000000005,-79.93675,,0,0,0,0,0,0,0,0,0
Sharpsburg Dist 2,40.495050000000006,-79.92915,,0,0,0,0,0,0,0,0,0
Sharpsburg Dist 3,40.493050000000004,-79.91655,,0,0,0,0,0,0,0,0,0
S Fayette Dist 1,40.3361,-80.12565000000001,,0,0,0,0,0,0,0,0,0
S Fayette Dist 2,40.36585,-80.14455000000001,,0,0,0,0,0,0,0,0,0
S Fayette Dist 3,40.3661,-80.16785000000002,,0,0,0,0,0,0,0,0,0
S Fayette Dist 4,40.33075,-80.11965000000001,,0,0,0,0,0,0,0,0,0
S Fayette Dist 5,40.3562,-80.19345000000001,,0,0,0,0,0,0,0,0,0
S Fayette Dist 6,40.321400000000004,-80.1294,,0,0,0,0,0,0,0,0,0
S Fayette Dist 7,40.3873,-80.18695,,0,0,0,0,0,0,0,0,0
S Fayette Dist 8,40.346650000000004,-80.13380000000001,,0,0,0,0,0,0,0,0,0
S Fayette Dist 9,40.33345,-80.15295,,0,0,0,0,0,0,0,0,0
S Fayette Dist 10,40.32795,-80.12745000000001,,0,0,0,0,0,0,0,0,0
S Fayette Dist 11,40.35985,-80.14425,,0,0,0,0,0,0,0,0,0
S Fayette Dist 12,40.33840000000001,-80.11760000000001,,0,0,0,0,0,0,0,0,0
South Park Dist 1,40.295500000000004,-79.97715000000001,,0,0,0,0,0,0,0,0,0
South Park Dist 2,40.33045,-79.99355,,0,0,0,0,0,0,0,0,0
South Park Dist 3,40.2914,-80.02295000000001,,0,0,0,0,0,0,0,0,0
South Park Dist 4,40.290000000000006,-80.00800000000001,,0,0,0,0,0,0,0,0,0
South Park Dist 5,40.32325,-79.98750000000001,,0,0,0,0,0,0,0,0,0
South Park Dist 6,40.30415000000001,-80.0077,,0,0,0,0,0,0,0,0,0
South Park Dist 7,40.294700000000006,-79.9924,,0,0,0,0,0,0,0,0,0
South Park Dist 8,40.32175000000001,-79.9941,,0,0,0,0,0,0,0,0,0
South Park Dist 9,40.30695,-79.99115,,0,0,0,0,0,0,0,0,0
South Park Dist 10,40.27995,-79.98725000000002,,0,0,0,0,0,0,0,0,0
South Park Dist 11,40.285650000000004,-80.01705000000001,,0,0,0,0,0,0,0,0,0
South Park Dist 12,40.29845,-80.01965000000001,,0,0,0,0,0,0,0,0,0
South Park Dist 13,40.27975000000001,-79.97080000000001,,0,0,0,0,0,0,0,0,0
S Versailles,40.3064,-79.7955,,0,0,0,0,0,0,0,0,0
Springdale Br Dist 1,40.54130000000001,-79.77265,,0,0,0,0,0,0,0,0,0
Springdale Br Dist 2,40.5458,-79.78775,,0,0,0,0,0,0,0,0,0
Springdale Br Dist 3,40.53765,-79.787,,0,0,0,0,0,0,0,0,0
Springdale Br Dist 4,40.54225,-79.78745,,0,0,0,0,0,0,0,0,0
Springdale Twp,40.553450000000005,-79.7875,,0,0,0,0,0,0,0,0,0
Stowe Ward 1,40.4735,-80.06785,,0,0,0,0,0,0,0,0,0
Stowe Ward 2 Dist 1,40.4757,-80.07245,,0,0,0,0,0,0,0,0,0
Stowe Ward 2 Dist 2,40.479600000000005,-80.0769,,0,0,0,0,0,0,0,0,0
Stowe Ward 3,40.482150000000004,-80.0618,,0,0,0,0,0,0,0,0,0
Stowe Ward 4 Dist 1,40.4896,-80.08160000000001,,0,0,0,0,0,0,0,0,0
Stowe Ward 4 Dist 2,40.486850000000004,-80.0866,,0,0,0,0,0,0,0,0,0
Stowe Ward 5,40.4743,-80.08030000000001,,0,0,0,0,0,0,0,0,0
Stowe Ward 6,40.47165,-80.07745,,0,0,0,0,0,0,0,0,0
Stowe Ward 7,40.474450000000004,-80.07575,,0,0,0,0,0,0,0,0,0
Stowe Ward 8,40.472350000000006,-80.07130000000001,,0,0,0,0,0,0,0,0,0
Stowe Ward 9,40.4709,-80.07305000000001,,0,0,0,0,0,0,0,0,0
Swissvale Dist 1,40.416050000000006,-79.87615000000001,,0,0,0,0,0,0,0,0,0
Swissvale Dist 2,40.420100000000005,-79.8794,,0,0,0,0,0,0,0,0,0
Swissvale Dist 3,40.422650000000004,-79.8845,,0,0,0,0,0,0,0,0,0
Swissvale Dist 4,40.42295,-79.87855,,0,0,0,0,0,0,0,0,0
Swissvale Dist 5,40.426050000000004,-79.87785,,0,0,0,0,0,0,0,0,0
Swissvale Dist 6,40.417950000000005,-79.89085,,0,0,0,0,0,0,0,0,0
Swissvale Dist 7,40.42035,-79.89635000000001,,0,0,0,0,0,0,0,0,0
Swissvale Dist 8,40.4259,-79.89145,,0,0,0,0,0,0,0,0,0
Swissvale Dist 9,40.418350000000004,-79.8937,,0,0,0,0,0,0,0,0,0
Swissvale Dist 10,40.415150000000004,-79.88810000000001,,0,0,0,0,0,0,0,0,0
Swissvale Dist 11,40.43095,-79.89465000000001,,0,0,0,0,0,0,0,0,0
Tarentum Ward 1 Dist 1,40.605050000000006,-79.7533,,0,0,0,0,0,0,0,0,0
Tarentum Ward 1 Dist 2,40.607200000000006,-79.75305,,0,0,0,0,0,0,0,0,0
Tarentum Ward 2,40.6007,-79.74940000000001,,0,0,0,0,0,0,0,0,0
Tarentum Ward 3 Dist 1,40.59955,-79.76945,,0,0,0,0,0,0,0,0,0
Tarentum Ward 3 Dist 2,40.6061,-79.7642,,0,0,0,0,0,0,0,0,0
Thornburg,40.434200000000004,-80.08405,,0,0,0,0,0,0,0,0,0
Pennsbury Vill,40.42805,-80.10115,,0,0,0,0,0,0,0,0,0
Trafford,40.38875,-79.75845000000001,,0,0,0,0,0,0,0,0,0
Turtle Creek Ward 1 Dist 1,40.41355,-79.81425000000002,,0,0,0,0,0,0,0,0,0
Turtle Creek Ward 1 Dist 2,40.408150000000006,-79.81525,,0,0,0,0,0,0,0,0,0
Turtle Creek Ward 2 Dist 1,40.404450000000004,-79.82275000000001,,0,0,0,0,0,0,0,0,0
Turtle Creek Ward 2 Dist 2,40.407300000000006,-79.82015000000001,,0,0,0,0,0,0,0,0,0
Turtle Creek Ward 3 Dist 1,40.40885,-79.8263,,0,0,0,0,0,0,0,0,0
Turtle Creek Ward 3 Dist 2,40.41395,-79.81915000000001,,0,0,0,0,0,0,0,0,0
Up St Clair Ward 1 Dist 1,40.34245,-80.08935,,0,0,0,0,0,0,0,0,0
Up St Clair Ward 1 Dist 2,40.34870000000001,-80.09275,,0,0,0,0,0,0,0,0,0
Up St Clair Ward 1 Dist 3,40.357600000000005,-80.0814,,0,0,0,0,0,0,0,0,0
Up St Clair Ward 1 Dist 4,40.35145,-80.0864,,0,0,0,0,0,0,0,0,0
Up St Clair Ward 2 Dist 1,40.351000000000006,-80.0574,,0,0,0,0,0,0,0,0,0
Up St Clair Ward 2 Dist 2,40.3407,-80.07135,,0,0,0,0,0,0,0,0,0
Up St Clair Ward 2 Dist 3,40.35695,-80.06945000000002,,0,0,0,0,0,0,0,0,0
Up St Clair Ward 2 Dist 4,40.3511,-80.06855000000002,,0,0,0,0,0,0,0,0,0
Up St Clair Ward 3 Dist 1,40.33295,-80.06325000000001,,0,0,0,0,0,0,0,0,0
Up St Clair Ward 3 Dist 2,40.3198,-80.0721,,0,0,0,0,0,0,0,0,0
Up St Clair Ward 3 Dist 3,40.33285000000001,-80.0828,,0,0,0,0,0,0,0,0,0
Up St Clair Ward 4 Dist 1,40.341550000000005,-80.10415,,0,0,0,0,0,0,0,0,0
Up St Clair Ward 4 Dist 2,40.324200000000005,-80.08895000000001,,0,0,0,0,0,0,0,0,0
Up St Clair Ward 4 Dist 3,40.31635,-80.09450000000001,,0,0,0,0,0,0,0,0,0
Up St Clair Ward 4 Dist 4,40.322100000000006,-80.10455,,0,0,0,0,0,0,0,0,0
Up St Clair Ward 5 Dist 1,40.31365000000001,-80.0854,,0,0,0,0,0,0,0,0,0
Up St Clair Ward 5 Dist 2,40.323150000000005,-80.0763,,0,0,0,0,0,0,0,0,0
Up St Clair Ward 5 Dist 3,40.3051,-80.0775,,0,0,0,0,0,0,0,0,0
Verona Dist 1,40.503600000000006,-79.84555,,0,0,0,0,0,0,0,0,0
Verona Dist 2,40.50370000000001,-79.8375,,0,0,0,0,0,0,0,0,0
Verona Dist 3,40.5095,-79.83850000000001,,0,0,0,0,0,0,0,0,0
Versailles Dist 1,40.31755,-79.82855,,0,0,0,0,0,0,0,0,0
Versailles Dist 2,40.31895,-79.83505,,0,0,0,0,0,0,0,0,0
Wall,40.39085,-79.78895,,0,0,0,0,0,0,0,0,0
West Deer Dist 1,40.64490000000001,-79.87890000000002,,0,0,0,0,0,0,0,0,0
West Deer Dist 2,40.656850000000006,-79.85075,,0,0,0,0,0,0,0,0,0
West Deer Dist 3,40.6113,-79.8331,,0,0,0,0,0,0,0,0,0
West Deer Dist 4,40.614200000000004,-79.91145,,0,0,0,0,0,0,0,0,0
West Deer Dist 5,40.633750000000006,-79.83435,,0,0,0,0,0,0,0,0,0
West Deer Dist 6,40.611650000000004,-79.8596,,0,0,0,0,0,0,0,0,0
West Deer Dist 7,40.613850000000006,-79.89035000000001,,0,0,0,0,0,0,0,0,0
West Deer Dist 8,40.64105000000001,-79.9024,,0,0,0,0,0,0,0,0,0
W Elizabeth,40.27275,-79.89540000000001,,0,0,0,0,0,0,0,0,0
W Homestead Dist 1,40.399750000000004,-79.91965,,0,0,0,0,0,0,0,0,0
W Homestead Dist 2,40.3942,-79.91220000000001,,0,0,0,0,0,0,0,0,0
W Homestead Dist 3,40.392250000000004,-79.91075000000001,,0,0,0,0,0,0,0,0,0
West Mifflin Dist 1,40.39265,-79.8854,,0,0,0,0,0,0,0,0,0
West Mifflin Dist 2,40.39135,-79.89000000000001,,0,0,0,0,0,0,0,0,0
West Mifflin Dist 3,40.3904,-79.86515,,0,0,0,0,0,0,0,0,0
West Mifflin Dist 4,40.3992,-79.88,,0,0,0,0,0,0,0,0,0
West Mifflin Dist 5,40.38215,-79.87885,,0,0,0,0,0,0,0,0,0
West Mifflin Dist 6,40.3844,-79.88855000000001,,0,0,0,0,0,0,0,0,0
West Mifflin Dist 7,40.36895,-79.86635000000001,,0,0,0,0,0,0,0,0,0
West Mifflin Dist 8,40.35915,-79.8612,,0,0,0,0,0,0,0,0,0
West Mifflin Dist 9,40.36285,-79.85575,,0,0,0,0,0,0,0,0,0
West Mifflin Dist 10,40.35005,-79.91255000000001,,0,0,0,0,0,0,0,0,0
West Mifflin Dist 11,40.35900000000001,-79.90645,,0,0,0,0,0,0,0,0,0
West Mifflin Dist 12,40.333800000000004,-79.90975,,0,0,0,0,0,0,0,0,0
West Mifflin Dist 13,40.365750000000006,-79.87960000000001,,0,0,0,0,0,0,0,0,0
West Mifflin Dist 14,40.37115,-79.8987,,0,0,0,0,0,0,0,0,0
West Mifflin Dist 15,40.393950000000004,-79.87805,,0,0,0,0,0,0,0,0,0
West Mifflin Dist 16,40.3374,-79.93860000000001,,0,0,0,0,0,0,0,0,0
West Mifflin Dist 17,40.36175,-79.9298,,0,0,0,0,0,0,0,0,0
West Mifflin Dist 18,40.36025000000001,-79.87475,,0,0,0,0,0,0,0,0,0
West Mifflin Dist 19,40.34365,-79.92885000000001,,0,0,0,0,0,0,0,0,0
West Mifflin Dist 20,40.3753,-79.87605,,0,0,0,0,0,0,0,0,0
West Mifflin Dist 21,40.3577,-79.9459,,0,0,0,0,0,0,0,0,0
West View Dist 1,40.5136,-80.02655000000001,,0,0,0,0,0,0,0,0,0
West View Dist 2,40.51635,-80.0223,,0,0,0,0,0,0,0,0,0
West View Dist 3,40.5189,-80.02960000000002,,0,0,0,0,0,0,0,0,0
West View Dist 4,40.519800000000004,-80.03505000000001,,0,0,0,0,0,0,0,0,0
West View Dist 5,40.51795,-80.03745,,0,0,0,0,0,0,0,0,0
West View Dist 6,40.517450000000004,-80.04570000000001,,0,0,0,0,0,0,0,0,0
West View Dist 7,40.52535,-80.03550000000001,,0,0,0,0,0,0,0,0,0
Whitaker Dist 1,40.398,-79.8903,,0,0,0,0,0,0,0,0,0
Whitaker Dist 2,40.402950000000004,-79.88425000000001,,0,0,0,0,0,0,0,0,0
Whitehall Dist 1,40.36585,-79.98960000000001,,0,0,0,0,0,0,0,0,0
Whitehall Dist 2,40.35555000000001,-80.0062,,0,0,0,0,0,0,0,0,0
Whitehall Dist 3,40.3558,-79.98435,,0,0,0,0,0,0,0,0,0
Whitehall Dist 4,40.3483,-79.98025000000001,,0,0,0,0,0,0,0,0,0
Whitehall Dist 5,40.36330000000001,-79.97465000000001,,0,0,0,0,0,0,0,0,0
Whitehall Dist 6,40.366550000000004,-79.9642,,0,0,0,0,0,0,0,0,0
Whitehall Dist 7,40.364650000000005,-79.99775,,0,0,0,0,0,0,0,0,0
Whitehall Dist 8,40.35470000000001,-80.0009,,0,0,0,0,0,0,0,0,0
Whitehall Dist 9,40.3599,-79.97220000000002,,0,0,0,0,0,0,0,0,0
Whitehall Dist 10,40.37365,-79.9898,,0,0,0,0,0,0,0,0,0
Whitehall Dist 11,40.35385,-79.9916,,0,0,0,0,0,0,0,0,0
Whitehall Dist 12,40.35575,-79.9761,,0,0,0,0,0,0,0,0,0
Whitehall Dist 13,40.35625,-80.01245,,0,0,0,0,0,0,0,0,0
Whitehall Dist 14,40.36125,-80.00455000000001,,0,0,0,0,0,0,0,0,0
Whitehall Dist 15,40.370400000000004,-80.0009,,0,0,0,0,0,0,0,0,0
Whitehall Dist 16,40.36370000000001,-79.9959,,0,0,0,0,0,0,0,0,0
White Oak Dist 1,40.356700000000004,-79.82130000000001,,0,0,0,0,0,0,0,0,0
White Oak Dist 2,40.349050000000005,-79.8238,,0,0,0,0,0,0,0,0,0
White Oak Dist 3,40.35065,-79.81390000000002,,0,0,0,0,0,0,0,0,0
White Oak Dist 4,40.340050000000005,-79.81505000000001,,0,0,0,0,0,0,0,0,0
White Oak Dist 5,40.3451,-79.80890000000001,,0,0,0,0,0,0,0,0,0
White Oak Dist 6,40.34230000000001,-79.79395,,0,0,0,0,0,0,0,0,0
White Oak Dist 7,40.3263,-79.80115,,0,0,0,0,0,0,0,0,0
Wilkins Ward 1 Dist 1,40.42025,-79.82895,,0,0,0,0,0,0,0,0,0
Wilkins Ward 1 Dist 2,40.425050000000006,-79.82155,,0,0,0,0,0,0,0,0,0
Wilkins Ward 1 Dist 3,40.43745,-79.8187,,0,0,0,0,0,0,0,0,0
Wilkins Ward 1 Dist 4,40.43575,-79.80850000000001,,0,0,0,0,0,0,0,0,0
Wilkins Ward 1 Dist 5,40.42775,-79.81150000000001,,0,0,0,0,0,0,0,0,0
Wilkins Ward 2 Dist 1,40.4251,-79.84095,,0,0,0,0,0,0,0,0,0
Wilkins Ward 2 Dist 2,40.41460000000001,-79.83725000000001,,0,0,0,0,0,0,0,0,0
Wilkinsburg Ward 1 Dist 1,40.45125,-79.863,,0,0,0,0,0,0,0,0,0
Wilkinsburg Ward 1 Dist 2,40.445350000000005,-79.87125,,0,0,0,0,0,0,0,0,0
Wilkinsburg Ward 1 Dist 3,40.446250000000006,-79.8735,,0,0,0,0,0,0,0,0,0
Wilkinsburg Ward 1 Dist 4,40.45425,-79.86125000000001,,0,0,0,0,0,0,0,0,0
Wilkinsburg Ward 1 Dist 5,40.44855,-79.85805000000002,,0,0,0,0,0,0,0,0,0
Wilkinsburg Ward 1 Dist 6,40.44465000000001,-79.86635000000001,,0,0,0,0,0,0,0,0,0
Wilkinsburg Ward 2 Dist 1,40.43665,-79.8689,,0,0,0,0,0,0,0,0,0
Wilkinsburg Ward 2 Dist 2,40.44095,-79.8664,,0,0,0,0,0,0,0,0,0
Wilkinsburg Ward 2 Dist 3,40.435900000000004,-79.87405000000001,,0,0,0,0,0,0,0,0,0
Wilkinsburg Ward 2 Dist 4,40.44070000000001,-79.87705,,0,0,0,0,0,0,0,0,0
Wilkinsburg Ward 2 Dist 5,40.440400000000004,-79.8842,,0,0,0,0,0,0,0,0,0
Wilkinsburg Ward 3 Dist 1,40.43615,-79.8927,,0,0,0,0,0,0,0,0,0
Wilkinsburg Ward 3 Dist 2,40.438,-79.88845,,0,0,0,0,0,0,0,0,0
Wilkinsburg Ward 3 Dist 3,40.44605000000001,-79.88060000000002,,0,0,0,0,0,0,0,0,0
Wilkinsburg Ward 3 Dist 4,40.440850000000005,-79.8913,,0,0,0,0,0,0,0,0,0
Wilkinsburg Ward 3 Dist 5,40.4452,-79.89015,,0,0,0,0,0,0,0,0,0
Wilkinsburg Ward 3 Dist 6,40.4465,-79.88425000000001,,0,0,0,0,0,0,0,0,0
Wilmerding Dist 1,40.39805,-79.81005,,0,0,0,0,0,0,0,0,0
Wilmerding Dist 2,40.39240000000001,-79.80945000000001,,0,0,0,0,0,0,0,0,0